first_name,last_name,email,gender,birthday
Denise,Bignold,dbignold5@sun.com,Female,1911-07-30
Cherrita,Greenrodd,cgreenrodd6@photobucket.com,Female,1746-07-12
Austine,Littley,alittley7@canalblog.com,Female,1749-02-25
Sauveur,Dudill,sdudill8@fotki.com,Male,1856-06-20
Brion,McGeraghty,bmcgeraghty9@berkeley.edu,Male,2004-06-09
Mattheus,Capstake,mcapstakea@reverbnation.com,Male,1826-09-28
Marielle,Botler,mbotlerb@icio.us,Female,1691-05-31
Eustacia,Ranscombe,eranscombec@google.co.jp,Female,1808-07-18
Paxton,Getsham,pgetshamd@gmpg.org,Male,1892-05-31
Sophie,Brotherick,sbrothericke@canalblog.com,Genderfluid,1890-01-25
Shurlocke,Coxwell,scoxwellf@microsoft.com,Male,1999-03-20
Ripley,Wathey,rwatheyg@sakura.ne.jp,Male,1765-06-21
Loy,Badam,lbadamh@hp.com,Male,1695-07-14
Cal,Melendez,cmelendezi@hc360.com,Genderqueer,2013-03-01
Valentijn,Piniur,vpiniurj@mail.ru,Male,1801-12-08
Ann,Mompesson,amompessonk@virginia.edu,Female,1733-04-10
Base,Siuda,bsiudal@disqus.com,Male,1999-10-25
Burt,Matys,bmatysm@reference.com,Male,1939-03-29
Marlin,Studdard,mstuddardn@blogs.com,Male,1731-06-25
Davy,Larratt,dlarratto@npr.org,Male,1957-12-04
Hillary,Danilishin,hdanilishinp@thetimes.co.uk,Bigender,1807-06-24
Romola,Banbrigge,rbanbriggeq@uol.com.br,Female,1685-06-19
Lisetta,Gerrans,lgerransr@cmu.edu,Female,1789-06-21
Wilmar,Philipeaux,wphilipeauxs@hud.gov,Male,1921-06-11
Kitty,Capper,kcappert@virginia.edu,Female,1896-04-17
Mildred,Hurring,mhurringu@state.gov,Female,1806-09-30
Gar,Dabnot,gdabnotv@dailymail.co.uk,Male,1975-02-28
Glen,Bennett,gbennettw@apple.com,Agender,1743-04-30
Thornton,Kellen,tkellenx@is.gd,Male,1861-05-15
Barton,Boutwell,bboutwelly@1und1.de,Male,1930-08-28
Dyan,Ranvoise,dranvoisez@theglobeandmail.com,Female,1833-11-26
Sybyl,Ledington,sledington10@mapquest.com,Female,1693-07-16
Jolie,Cruickshanks,jcruickshanks11@japanpost.jp,Female,1977-12-14
Maryjo,Tilte,mtilte12@usatoday.com,Female,1959-07-16
Nickola,Bareham,nbareham13@sun.com,Non-binary,2013-07-04
Lem,Birwhistle,lbirwhistle14@umn.edu,Male,1888-08-10
Miquela,Salmond,msalmond15@cnn.com,Female,1860-08-10
Orsa,McCreagh,omccreagh16@msu.edu,Female,1825-10-14
Nora,Rosenbusch,nrosenbusch17@nps.gov,Female,1709-11-11
Rosabelle,Gobel,rgobel18@nydailynews.com,Female,1680-04-09
Rooney,Swatman,rswatman19@google.de,Male,1865-08-25
Thalia,Menicomb,tmenicomb1a@imageshack.us,Female,1812-05-27
Shelagh,Ingreda,singreda1b@businessinsider.com,Female,2021-10-27
Barret,Heaselgrave,bheaselgrave1c@hp.com,Male,1939-12-14
Kelcie,Gray,kgray1d@bbc.co.uk,Female,1710-05-24
Pippo,Taverner,ptaverner1e@usnews.com,Male,1790-03-12
Berty,Luty,bluty1f@goodreads.com,Male,1884-01-07
Ingelbert,Elves,ielves1g@hp.com,Male,1688-06-12
Hobey,Fantin,hfantin1h@slate.com,Male,1813-08-19
Janaya,Bartlett,jbartlett1i@alexa.com,Female,1923-02-22
Aubrey,Mc Elory,amcelory1j@hugedomains.com,Female,1777-01-21
Roland,Constant,rconstant1k@utexas.edu,Male,1759-08-02
Audre,Coldicott,acoldicott1l@time.com,Genderfluid,1784-02-27
Aline,Payley,apayley1m@cnn.com,Female,1848-03-18
Nicky,Caron,ncaron1n@geocities.com,Male,1848-04-20
Cara,Faye,cfaye1o@ucoz.com,Female,1901-07-05
Georgetta,Rahl,grahl1p@google.nl,Female,1883-04-14
Silvain,Parker,sparker1q@spotify.com,Male,1860-05-02
Avery,McMearty,amcmearty1r@bizjournals.com,Male,1848-10-27
Gelya,McAusland,gmcausland1s@is.gd,Agender,1794-10-04
Gabriel,Woolcocks,gwoolcocks1t@last.fm,Male,1981-10-22
Erek,Shird,eshird1u@jugem.jp,Male,2003-05-27
Vidovic,Pearch,vpearch1v@tiny.cc,Male,1876-07-05
Aguie,Tisun,atisun1w@constantcontact.com,Male,2014-11-10
Bern,Radbourn,bradbourn1x@fda.gov,Male,1700-11-10
Sloane,Keveren,skeveren1y@dmoz.org,Male,1721-02-02
Rebe,Shilleto,rshilleto1z@google.com.br,Female,1814-04-17
Trude,Daouse,tdaouse20@spiegel.de,Female,1999-08-21
Flossi,Manvell,fmanvell21@elpais.com,Female,1972-03-03
Corissa,Game,cgame22@sourceforge.net,Female,1995-12-31
Richmound,Poxon,rpoxon23@issuu.com,Male,1712-12-06
Blanche,Leggen,bleggen24@icq.com,Female,1888-10-26
Yorke,Meugens,ymeugens25@nih.gov,Male,1803-09-11
Elita,Malthouse,emalthouse26@google.nl,Polygender,1855-09-17
Lemmy,Stollard,lstollard27@google.co.jp,Male,1948-04-27
Sholom,Linggood,slinggood28@google.com.au,Male,1687-06-29
Georgi,Calam,gcalam29@barnesandnoble.com,Male,1925-12-30
Udell,Daughtery,udaughtery2a@nih.gov,Genderqueer,1995-09-27
Max,Bossom,mbossom2b@nytimes.com,Female,1826-02-03
Torey,Rawcliff,trawcliff2c@webeden.co.uk,Female,1689-01-01
Darda,Redihough,dredihough2d@nps.gov,Female,1887-05-02
Dulcy,Orritt,dorritt2e@phpbb.com,Female,1800-03-16
Zolly,Tedridge,ztedridge2f@smh.com.au,Male,1995-03-10
Dorree,Hadlee,dhadlee2g@amazonaws.com,Female,1788-10-11
Graham,Gonzalo,ggonzalo2h@chronoengine.com,Male,1908-05-09
Otes,Bradane,obradane2i@sakura.ne.jp,Male,1775-02-13
Hermia,Gori,hgori2j@ehow.com,Female,2021-04-08
Cord,Moye,cmoye2k@instagram.com,Male,1760-03-06
Budd,Liven,bliven2l@ucoz.ru,Male,1702-01-14
Rourke,Crumpton,rcrumpton2m@gmpg.org,Male,1943-04-27
Brietta,Donet,bdonet2n@washingtonpost.com,Female,1878-11-03
Inglis,Willsmore,iwillsmore2o@stumbleupon.com,Male,1934-02-11
Romy,Suggey,rsuggey2p@artisteer.com,Female,1689-01-01
Jedediah,Greenshields,jgreenshields2q@taobao.com,Male,1773-09-27
Catlin,Osinin,cosinin2r@buzzfeed.com,Female,1928-03-06
Toddy,Sallinger,tsallinger2s@dagondesign.com,Male,1837-10-17
Antoine,Wooland,awooland2t@cnet.com,Male,1748-08-01
Paolina,Digger,pdigger2u@jigsy.com,Female,1766-01-25
Alyosha,Fish,afish2v@chicagotribune.com,Polygender,1818-05-16
Chic,Drabble,cdrabble2w@nhs.uk,Male,1980-01-19
Nicky,Hanna,nhanna2x@stanford.edu,Male,2016-06-24
Adena,Bebb,abebb2y@eepurl.com,Female,1828-07-15
Kahaleel,Girardez,kgirardez2z@nymag.com,Male,1995-07-31
Laural,Elson,lelson30@businessweek.com,Female,1713-03-03
Micheline,Roxburch,mroxburch31@hugedomains.com,Female,1963-04-17
Domeniga,Crosdill,dcrosdill32@ning.com,Female,1718-08-14
Arman,Genese,agenese33@ifeng.com,Non-binary,1904-02-08
Virgil,Mendonca,vmendonca34@google.com.br,Male,1946-10-06
Michele,Peskett,mpeskett35@amazon.co.uk,Male,1744-10-09
Leanna,Eake,leake36@forbes.com,Female,1882-12-23
Marylin,Plomer,mplomer37@timesonline.co.uk,Female,1732-01-26
Lek,Dobbison,ldobbison38@nps.gov,Male,1804-10-11
Barrie,Worvill,bworvill39@ycombinator.com,Female,1836-08-09
Jennica,Necrews,jnecrews3a@earthlink.net,Female,1780-08-25
Sawyer,Humbee,shumbee3b@ucla.edu,Male,1775-02-23
Fredrick,Alelsandrovich,falelsandrovich3c@issuu.com,Male,1886-05-27
Petey,Rayburn,prayburn3d@oracle.com,Male,1824-11-01
Ketti,Hunton,khunton3e@google.pl,Female,1719-08-30
Godwin,Hammerson,ghammerson3f@cnbc.com,Male,1739-10-19
Lazaro,Garvan,lgarvan3g@ted.com,Male,1992-01-17
Cliff,Tampin,ctampin3h@ucoz.ru,Male,1680-09-24
Valencia,Joisce,vjoisce3i@godaddy.com,Female,1945-04-08
Tait,Kerrigan,tkerrigan3j@google.com.br,Male,1738-05-22
Wang,Bengall,wbengall3k@fema.gov,Male,1967-12-22
Tanitansy,Meake,tmeake3l@ed.gov,Female,1853-10-13
Vinnie,Guiduzzi,vguiduzzi3m@netscape.com,Male,1924-01-22
Tommie,Abramof,tabramof3n@hp.com,Male,1911-06-11
Andreas,Edmunds,aedmunds3o@sphinn.com,Male,2019-09-28
Nelli,Parminter,nparminter3p@hud.gov,Female,1849-03-02
Guilbert,Bittlestone,gbittlestone3q@phoca.cz,Male,1905-05-11
Xavier,McKenna,xmckenna3r@merriam-webster.com,Male,1876-02-13
Cara,Medcalf,cmedcalf3s@list-manage.com,Female,1822-06-01
Eben,Jedrzaszkiewicz,ejedrzaszkiewicz3t@ihg.com,Male,1764-01-16
Richie,Lambot,rlambot3u@issuu.com,Male,1886-01-16
Gianni,Biaggioni,gbiaggioni3v@qq.com,Male,1782-02-22
Filmer,Hegge,fhegge3w@irs.gov,Male,1933-05-25
Lionello,Le feuvre,llefeuvre3x@msu.edu,Male,1725-09-25
Hy,Free,hfree3y@marketwatch.com,Male,1689-01-01
Arman,Rushbrook,arushbrook3z@taobao.com,Male,1777-12-15
Kimble,Jenkinson,kjenkinson40@51.la,Male,1966-01-11
Kinny,Gianulli,kgianulli41@cafepress.com,Male,1989-09-15
Modestine,Kiddye,mkiddye42@over-blog.com,Female,1702-02-13
Ingamar,Chapier,ichapier43@trellian.com,Male,1698-11-20
Taylor,Sibyllina,tsibyllina44@devhub.com,Male,1804-10-11
Shela,Soots,ssoots45@goo.ne.jp,Female,1871-05-24
Gualterio,Charnick,gcharnick46@bluehost.com,Male,1876-03-12
Zelig,Osipov,zosipov47@canalblog.com,Male,1682-04-30
Cody,Whitely,cwhitely48@nbcnews.com,Male,1765-02-13
Petronilla,Denge,pdenge49@ask.com,Female,1932-05-04
Katinka,Krates,kkrates4a@theglobeandmail.com,Female,2007-08-01
Shaine,Ganny,sganny4b@xing.com,Male,1745-03-14
Heath,Comins,hcomins4c@list-manage.com,Female,1738-01-22
Thea,Vandenhoff,tvandenhoff4d@noaa.gov,Female,1984-12-30
Johnnie,Wilbor,jwilbor4e@cisco.com,Male,2007-05-03
Hadrian,Hindes,hhindes4f@php.net,Male,1945-11-21
Nowell,Foottit,nfoottit4g@pagesperso-orange.fr,Male,1730-10-21
Merwin,MacGaughey,mmacgaughey4h@163.com,Male,1972-08-08
Lyndsie,Elph,lelph4i@apple.com,Female,1923-08-20
Vittorio,Pozzo,vpozzo4j@vistaprint.com,Male,1689-01-01
Gusta,Stapylton,gstapylton4k@dagondesign.com,Female,1876-08-27
Byron,Morfett,bmorfett4l@msn.com,Genderfluid,1811-04-30
Lyndy,Achromov,lachromov4m@multiply.com,Female,1686-06-17
Zane,Roskams,zroskams4n@economist.com,Male,1712-09-13
Georgie,Yanin,gyanin4o@phoca.cz,Female,1712-12-28
Bartholomeus,Moncaster,bmoncaster4p@xing.com,Male,1780-05-29
Aeriell,Tuddenham,atuddenham4q@ameblo.jp,Female,1866-03-22
Bogart,Hamsson,bhamsson4r@illinois.edu,Male,1905-10-19
Joshuah,Halfpenny,jhalfpenny4s@cam.ac.uk,Male,1884-08-26
Harlan,Keppe,hkeppe4t@smh.com.au,Genderqueer,1713-10-22
Simeon,Janc,sjanc4u@hud.gov,Male,1770-04-29
Wernher,Tabrett,wtabrett4v@cnet.com,Male,1848-04-17
Oralie,Witherdon,owitherdon4w@bravesites.com,Female,1962-05-12
Nathan,Chasmoor,nchasmoor4x@cmu.edu,Agender,1697-04-13
Clemmie,Bingle,cbingle4y@dell.com,Polygender,1729-06-05
Cyrillus,Robbeke,crobbeke4z@linkedin.com,Male,1947-12-04
Merrill,Milverton,mmilverton50@oakley.com,Male,1872-05-01
Chic,Kabsch,ckabsch51@pcworld.com,Male,1976-05-28
Ric,Beales,rbeales52@pagesperso-orange.fr,Male,2004-12-05
Melesa,Bennington,mbennington53@freewebs.com,Female,1970-06-11
Sharron,Klaiser,sklaiser54@slashdot.org,Female,1687-07-22
Cord,Cases,ccases55@qq.com,Male,2008-04-26
Emmalee,Ronchetti,eronchetti56@ifeng.com,Female,1911-11-16
Ilaire,Tripp,itripp57@usa.gov,Male,1691-09-24
Abram,Assante,aassante58@chron.com,Male,1800-06-06
Gerty,Pizzie,gpizzie59@oakley.com,Female,1800-03-24
Court,Parradine,cparradine5a@istockphoto.com,Male,1788-06-22
Giraldo,Hawkings,ghawkings5b@archive.org,Male,1689-01-01
Christian,Aucourte,caucourte5c@redcross.org,Male,1785-01-13
Witty,Emms,wemms5d@chronoengine.com,Male,1818-02-16
Dewie,Weekly,dweekly5e@cnbc.com,Male,1795-06-17
Aldin,Ponten,aponten5f@netvibes.com,Male,1961-10-09
Blisse,Vasyukhin,bvasyukhin5g@state.gov,Female,1849-06-03
Stacee,Fallowfield,sfallowfield5h@spotify.com,Female,1937-11-20
Corissa,Jerwood,cjerwood5i@imageshack.us,Female,1997-07-14
Felicia,Prator,fprator5j@techcrunch.com,Female,1792-10-10
Wiley,Axon,waxon5k@princeton.edu,Male,1707-05-06
Ewart,Mapis,emapis5l@icq.com,Male,1775-02-03
Virgina,Barajaz,vbarajaz5m@php.net,Genderfluid,1826-11-14
Grady,Trumpeter,gtrumpeter5n@biglobe.ne.jp,Male,2000-10-18
Francesco,Catherine,fcatherine5o@cocolog-nifty.com,Male,1746-07-17
Querida,Druce,qdruce5p@reddit.com,Female,1805-02-18
Truman,Buffy,tbuffy5q@last.fm,Male,1689-01-01
Kattie,Ayers,kayers5r@lycos.com,Female,1689-01-01
Magdaia,Beddo,mbeddo5s@cdc.gov,Female,1781-03-06
Saw,Thorsby,sthorsby5t@apache.org,Non-binary,1739-01-18
Deane,Succamore,dsuccamore5u@wikipedia.org,Female,1852-09-29
Marna,Gouldeby,mgouldeby5v@aboutads.info,Female,1906-04-18
Aile,Shearwood,ashearwood5w@usa.gov,Female,1949-05-28
Shurwood,Hadcock,shadcock5x@examiner.com,Male,1869-05-03
Cammy,Landeg,clandeg5y@nydailynews.com,Male,1880-09-28
Hillery,Oulner,houlner5z@tripadvisor.com,Male,1690-01-18
Dex,Mushrow,dmushrow60@adobe.com,Male,1817-12-15
Sammy,Messom,smessom61@wunderground.com,Male,1744-03-08
Mervin,Hendrickx,mhendrickx62@msu.edu,Male,1856-11-21
Dionis,Lisle,dlisle63@netscape.com,Female,1933-05-01
Brina,Paynes,bpaynes64@vk.com,Female,1808-01-19
Vanna,Wraight,vwraight65@infoseek.co.jp,Female,1689-01-01
Konstanze,Rounding,krounding66@webs.com,Female,1818-10-08
Aldwin,Drewes,adrewes67@state.gov,Male,1773-07-26
Orella,Fitzsymonds,ofitzsymonds68@accuweather.com,Female,1695-01-03
Heda,Trayte,htrayte69@posterous.com,Female,1994-05-11
Lyndel,Mordey,lmordey6a@disqus.com,Female,1744-03-24
Caz,Munkley,cmunkley6b@unesco.org,Bigender,1808-12-10
Rube,Hague,rhague6c@ucla.edu,Male,1769-04-13
Glyn,Rushe,grushe6d@google.com.br,Female,1988-04-16
Hermie,Chason,hchason6e@smugmug.com,Male,1709-07-07
Barbette,Meneghi,bmeneghi6f@netvibes.com,Female,1889-11-28
Hastie,Keam,hkeam6g@shareasale.com,Male,1973-05-31
Tine,Flannery,tflannery6h@mapquest.com,Female,1946-01-28
Ilaire,Sweatland,isweatland6i@upenn.edu,Male,1837-11-20
Ahmad,Gohier,agohier6j@ucsd.edu,Male,1773-07-08
Bartholomeus,Mattea,bmattea6k@webnode.com,Male,1976-01-14
Ad,Rann,arann6l@illinois.edu,Male,1689-01-01
Lin,Wickwar,lwickwar6m@samsung.com,Female,1915-10-12
Leanora,Rookesby,lrookesby6n@biblegateway.com,Female,1836-11-22
Marta,Haldenby,mhaldenby6o@google.co.jp,Female,1728-10-06
Meggy,Zapata,mzapata6p@chronoengine.com,Female,1787-04-11
Waite,Juares,wjuares6q@sun.com,Male,1814-09-13
Tristan,Cobleigh,tcobleigh6r@liveinternet.ru,Male,1957-05-08
Odella,Ferfulle,oferfulle6s@printfriendly.com,Female,1689-01-01
Stephie,Francie,sfrancie6t@amazon.com,Female,1692-05-26
Geri,Balmer,gbalmer6u@unicef.org,Female,2003-01-24
Debee,Trolley,dtrolley6v@cafepress.com,Female,1730-11-23
Harriot,Offen,hoffen6w@deliciousdays.com,Female,1913-06-08
Brandi,Bollans,bbollans6x@gnu.org,Female,1902-08-24
Diana,Gouldie,dgouldie6y@abc.net.au,Female,1946-02-05
Cesar,Boribal,cboribal6z@comcast.net,Male,1957-03-04
Dehlia,Rosling,drosling70@nyu.edu,Female,1919-10-18
Deloria,Grzelczak,dgrzelczak71@sakura.ne.jp,Female,1830-09-16
Daffi,Fraczek,dfraczek72@dailymotion.com,Female,1687-09-06
Vi,Timby,vtimby73@sogou.com,Female,1868-12-19
Erda,Fallowfield,efallowfield74@example.com,Female,1746-06-20
Findlay,Osgarby,fosgarby75@ed.gov,Male,1969-06-09
Star,Viccary,sviccary76@ucoz.com,Female,1928-06-07
Malia,Yoslowitz,myoslowitz77@marketwatch.com,Female,1708-04-03
Jed,Morehall,jmorehall78@berkeley.edu,Male,1786-03-04
Barr,Ballard,bballard79@gmpg.org,Male,1890-03-28
Carina,Hunsworth,chunsworth7a@usda.gov,Female,1930-04-10
Israel,Everex,ieverex7b@xinhuanet.com,Male,1689-01-01
Augie,Bengoechea,abengoechea7c@businesswire.com,Polygender,1790-01-20
Genevra,Forker,gforker7d@ed.gov,Female,1790-05-21
Fin,Gozney,fgozney7e@who.int,Polygender,1692-02-06
Malissa,Cleef,mcleef7f@purevolume.com,Female,1772-01-08
Dyanne,Gussie,dgussie7g@ucsd.edu,Female,1905-10-04
Caddric,Tangye,ctangye7h@linkedin.com,Male,1842-06-01
Jamaal,Taggert,jtaggert7i@tmall.com,Male,1831-03-04
Florri,Rudwell,frudwell7j@miitbeian.gov.cn,Genderfluid,1698-07-15
De witt,Bignold,dbignold7k@businessweek.com,Male,1792-01-06
Bibby,Mees,bmees7l@xrea.com,Female,1879-10-24
Wye,Passman,wpassman7m@icio.us,Male,1699-09-15
Gabriella,Lionel,glionel7n@dyndns.org,Female,1816-06-20
Sayer,Waye,swaye7o@latimes.com,Male,1731-06-13
Darell,Stonner,dstonner7p@behance.net,Female,1995-02-21
Yehudi,Skones,yskones7q@prlog.org,Male,1766-03-22
Ros,Connold,rconnold7r@amazonaws.com,Female,1733-09-13
Stearn,Gerran,sgerran7s@cyberchimps.com,Male,1819-10-16
Kori,Scotson,kscotson7t@feedburner.com,Female,1832-03-16
Inger,Argont,iargont7u@ocn.ne.jp,Male,1947-09-02
Phoebe,Fordyce,pfordyce7v@tamu.edu,Female,1820-03-06
Kassey,Elie,kelie7w@storify.com,Female,1880-04-03
Steffie,Vanyatin,svanyatin7x@bbb.org,Female,1848-12-07
Phillipp,Penketh,ppenketh7y@meetup.com,Male,1893-11-17
Ladonna,Realph,lrealph7z@t-online.de,Female,1934-08-12
Broderick,Arsnell,barsnell80@jigsy.com,Male,1772-09-27
Lin,Botfield,lbotfield81@csmonitor.com,Agender,1683-01-04
Janos,Apperley,japperley82@yellowbook.com,Male,1766-10-17
Eleni,Apark,eapark83@cbsnews.com,Female,1828-11-20
Bel,Laskey,blaskey84@spotify.com,Female,1680-03-18
Reinhold,Divisek,rdivisek85@zimbio.com,Male,1799-12-07
Lisa,Fabbri,lfabbri86@state.gov,Female,1928-10-24
Bevon,Fishbourne,bfishbourne87@apple.com,Male,1806-01-05
Joeann,Leitche,jleitche88@netlog.com,Female,2000-01-13
Miran,McVane,mmcvane89@dmoz.org,Female,1960-10-17
Jessamine,Keen,jkeen8a@hp.com,Female,1926-09-09
Vallie,Hopewell,vhopewell8b@ed.gov,Female,1904-09-29
Carce,Gregon,cgregon8c@forbes.com,Male,1768-07-12
Miof mela,Heningham,mheningham8d@sphinn.com,Female,1759-12-28
Sayers,Linley,slinley8e@yale.edu,Male,1772-06-06
Christoforo,Brugsma,cbrugsma8f@weebly.com,Male,1746-02-07
Arturo,Lorenc,alorenc8g@dyndns.org,Male,1766-01-17
Jaclin,Pennell,jpennell8h@bigcartel.com,Female,1765-08-17
Maison,Bowdler,mbowdler8i@redcross.org,Male,1943-02-13
Muire,Andrejs,mandrejs8j@bluehost.com,Female,1756-11-21
Rahal,Swyne,rswyne8k@linkedin.com,Female,1689-01-01
Pyotr,Petch,ppetch8l@bloglovin.com,Male,1911-02-09
Casar,Bernaldez,cbernaldez8m@icq.com,Male,1692-10-13
Debora,Resun,dresun8n@rambler.ru,Female,2007-10-31
Toby,Paddington,tpaddington8o@seesaa.net,Female,1728-07-11
Fair,Phittiplace,fphittiplace8p@google.ru,Male,1942-02-04
Dionis,Dancer,ddancer8q@diigo.com,Female,1836-11-20
Frans,Eymer,feymer8r@etsy.com,Male,1856-02-19
Frank,Wetwood,fwetwood8s@creativecommons.org,Female,1857-08-14
Kristel,Timmons,ktimmons8t@businessweek.com,Female,1924-10-02
Jeramie,Nortcliffe,jnortcliffe8u@g.co,Male,1974-05-22
Penn,Archard,parchard8v@omniture.com,Male,1942-05-03
Garald,Craze,gcraze8w@nyu.edu,Male,1924-05-14
Hildagard,Olivi,holivi8x@zdnet.com,Polygender,1689-01-01
Lyn,Grassick,lgrassick8y@washington.edu,Male,1936-01-18
Jocelyne,Punt,jpunt8z@irs.gov,Non-binary,1873-12-26
Kelci,Coppledike,kcoppledike90@t-online.de,Female,1959-02-06
Gaylor,Adnet,gadnet91@sina.com.cn,Male,1717-08-01
Silvio,Wyndham,swyndham92@arizona.edu,Male,1839-11-19
Jimmy,Masselin,jmasselin93@youku.com,Male,1793-09-18
Dani,Rainsden,drainsden94@infoseek.co.jp,Female,1689-01-01
Artur,Sugden,asugden95@simplemachines.org,Male,1801-06-20
Janis,Penrith,jpenrith96@seesaa.net,Female,1887-08-02
Roderigo,Jopling,rjopling97@cyberchimps.com,Male,1810-09-07
Alexandrina,Lloyd,alloyd98@google.de,Female,1907-03-09
Saxe,Edie,sedie99@state.gov,Male,1742-11-11
Andrej,Brailey,abrailey9a@webeden.co.uk,Male,1685-10-21
Ches,Manna,cmanna9b@umn.edu,Male,1973-07-31
Timoteo,Lynd,tlynd9c@ox.ac.uk,Male,1769-03-05
Lorinda,Niles,lniles9d@squidoo.com,Female,1725-03-11
Kelila,Mutton,kmutton9e@theglobeandmail.com,Female,1689-01-01
Dorena,Meake,dmeake9f@yelp.com,Female,1948-06-02
Etty,Jellyman,ejellyman9g@t-online.de,Female,1818-07-17
Rabi,Aldiss,raldiss9h@rambler.ru,Bigender,1746-11-16
Liuka,Astlet,lastlet9i@squidoo.com,Female,1828-07-31
Dorena,Andrieu,dandrieu9j@bravesites.com,Female,1856-05-01
Arlana,Dossit,adossit9k@whitehouse.gov,Female,1779-06-22
Dore,Eakins,deakins9l@wordpress.com,Male,1999-03-21
Deva,Blaszczak,dblaszczak9m@w3.org,Female,1801-11-06
Rhys,Ditt,rditt9n@uol.com.br,Male,1816-07-07
Bellina,Robertacci,brobertacci9o@nhs.uk,Female,1774-11-16
Pammie,Rankling,prankling9p@ed.gov,Female,1685-12-20
Nicoline,Beeze,nbeeze9q@cyberchimps.com,Female,1888-02-03
Emanuele,Simond,esimond9r@usa.gov,Male,2019-10-14
Isadora,Clethro,iclethro9s@friendfeed.com,Female,1886-02-28
Claudius,Klimes,cklimes9t@w3.org,Male,1871-06-30
Susannah,Cregan,scregan9u@yahoo.co.jp,Female,2001-02-26
Sebastien,Dannatt,sdannatt9v@reddit.com,Male,1694-09-23
Shauna,Colbert,scolbert9w@free.fr,Female,1891-04-18
Vanni,Savoury,vsavoury9x@over-blog.com,Female,1864-06-12
Klarrisa,Easlea,keaslea9y@yale.edu,Female,1824-07-27
Eugene,Dulen,edulen9z@posterous.com,Male,1836-01-26
Zak,Gilleson,zgillesona0@devhub.com,Male,1723-07-17
Kenton,Levick,klevicka1@github.com,Male,1906-06-30
Hilde,Ceely,hceelya2@samsung.com,Female,1998-02-12
Jamima,Comino,jcominoa3@tinypic.com,Polygender,1689-01-01
Culley,Edgeley,cedgeleya4@aol.com,Male,1748-07-13
Olly,Streeten,ostreetena5@ihg.com,Male,1689-01-01
Boothe,Sposito,bspositoa6@vkontakte.ru,Male,1679-09-01
Scottie,Gubbin,sgubbina7@ow.ly,Male,1765-01-19
Broddie,Triebner,btriebnera8@blog.com,Agender,1825-02-13
Quinta,Cowpertwait,qcowpertwaita9@1und1.de,Female,1800-03-30
Avrom,Brewers,abrewersaa@linkedin.com,Male,1807-05-30
Raphaela,Lawrie,rlawrieab@icio.us,Polygender,1793-10-17
Wald,Kempster,wkempsterac@hugedomains.com,Male,1887-01-13
Norrie,MacSweeney,nmacsweeneyad@ca.gov,Male,2021-12-05
Patrizio,Scriven,pscrivenae@blogtalkradio.com,Male,1697-07-26
Jess,Ciccetti,jciccettiaf@buzzfeed.com,Male,1871-06-22
Sadie,Jina,sjinaag@de.vu,Female,1960-02-03
Udell,Worman,uwormanah@diigo.com,Agender,1961-12-30
Caty,Carff,ccarffai@biglobe.ne.jp,Genderqueer,1962-11-24
Pincas,Heselwood,pheselwoodaj@meetup.com,Male,1881-11-10
Kaja,Hitscher,khitscherak@shop-pro.jp,Bigender,1819-02-06
Norine,Foakes,nfoakesal@amazon.com,Polygender,1763-04-21
Cecilio,Volet,cvoletam@illinois.edu,Male,1802-07-02
Ferdie,Jaray,fjarayan@tripadvisor.com,Male,1824-03-09
Joel,Hing,jhingao@creativecommons.org,Male,2006-08-04
Wendall,Lillywhite,wlillywhiteap@sitemeter.com,Male,2005-04-21
Dag,Kastel,dkastelaq@canalblog.com,Male,1931-07-03
Waiter,Leimster,wleimsterar@usnews.com,Male,1921-03-30
Briny,Kesby,bkesbyas@liveinternet.ru,Female,1762-12-02
Korella,Strawbridge,kstrawbridgeat@yahoo.com,Female,1753-05-10
Thaine,Soares,tsoaresau@nymag.com,Male,1746-11-24
Mehetabel,Zimmermeister,mzimmermeisterav@hexun.com,Female,1901-03-10
Hube,Rubertis,hrubertisaw@addthis.com,Genderqueer,1689-01-01
Bary,Gavozzi,bgavozziax@nbcnews.com,Male,1716-03-08
Virge,McGaughay,vmcgaughayay@msn.com,Male,1806-04-09
Druci,Ambrosoli,dambrosoliaz@liveinternet.ru,Agender,1734-10-13
Emogene,Guiu,eguiub0@rediff.com,Female,1708-07-10
Laurianne,Hallgate,lhallgateb1@mac.com,Female,1973-03-05
Diahann,Ashbee,dashbeeb2@addthis.com,Female,1734-08-30
Leupold,Dun,ldunb3@list-manage.com,Male,1807-11-29
Ugo,Mulbry,umulbryb4@prnewswire.com,Male,1692-01-03
Lanni,Bransden,lbransdenb5@csmonitor.com,Female,1904-03-24
Steffi,Cervantes,scervantesb6@blinklist.com,Female,1927-03-16
Paddy,Kirsche,pkirscheb7@pcworld.com,Male,1960-02-28
Kirstin,Ipsly,kipslyb8@qq.com,Female,1961-12-13
Arabel,Averies,aaveriesb9@techcrunch.com,Female,1706-08-02
Agustin,Gypson,agypsonba@deviantart.com,Male,1725-12-10
Dom,de Mendoza,ddemendozabb@1und1.de,Male,1793-12-02
Cleopatra,Ancketill,cancketillbc@infoseek.co.jp,Female,1812-09-01
Melitta,Pietrowicz,mpietrowiczbd@yelp.com,Female,1925-08-05
Sandy,Antliff,santliffbe@bluehost.com,Female,1836-10-02
Noami,Halloran,nhalloranbf@opera.com,Female,1689-01-01
Esmeralda,Grishakov,egrishakovbg@chronoengine.com,Genderqueer,1772-01-19
Kathye,Pelerin,kpelerinbh@sfgate.com,Female,1906-04-25
Graig,Crooks,gcrooksbi@spotify.com,Male,1913-02-25
Susanetta,Matashkin,smatashkinbj@nyu.edu,Female,1819-03-23
Pace,Flancinbaum,pflancinbaumbk@hugedomains.com,Male,1849-11-02
Briana,Hedingham,bhedinghambl@marriott.com,Female,1692-08-13
Garvy,Rieme,griemebm@bizjournals.com,Male,1938-12-14
Mikael,Huffadine,mhuffadinebn@tuttocitta.it,Male,1825-08-06
Loreen,Senn,lsennbo@tmall.com,Agender,1744-03-17
Jan,Ameer-Beg,jameerbegbp@nhs.uk,Male,1860-04-19
Sasha,Zamorano,szamoranobq@rakuten.co.jp,Male,1952-08-18
Bradford,Dennis,bdennisbr@un.org,Male,1719-06-09
Kelley,Stallebrass,kstallebrassbs@bbc.co.uk,Male,1823-07-05
Pansie,Peartree,ppeartreebt@discuz.net,Female,1697-11-28
Rickert,Jocelyn,rjocelynbu@microsoft.com,Male,1695-04-13
Catina,Leversha,clevershabv@freewebs.com,Female,1888-08-19
Dennie,Grgic,dgrgicbw@skyrock.com,Female,1917-01-26
Codi,Pelcheur,cpelcheurbx@gov.uk,Female,1689-01-01
Dilan,Dobrovolny,ddobrovolnyby@privacy.gov.au,Male,1739-05-27
Donella,Willes,dwillesbz@imdb.com,Female,1810-08-09
Modestia,Moncey,mmonceyc0@list-manage.com,Female,1946-05-30
Jeralee,Stang-Gjertsen,jstanggjertsenc1@domainmarket.com,Female,1866-01-16
Erhard,O'Cannon,eocannonc2@nbcnews.com,Male,1715-10-06
Douglass,Stilly,dstillyc3@nih.gov,Male,1779-05-24
Anastassia,Fontin,afontinc4@addthis.com,Female,1775-06-23
Tracy,Wanden,twandenc5@ihg.com,Male,1828-09-08
Harli,McLevie,hmcleviec6@webnode.com,Female,1982-12-12
Townie,Mortell,tmortellc7@google.pl,Male,1742-12-19
Agnella,Raddenbury,araddenburyc8@ifeng.com,Female,1904-02-23
Archibold,Newbold,anewboldc9@nih.gov,Male,1882-12-19
Gillan,O'Hear,gohearca@nih.gov,Female,1804-10-26
Farris,Perillo,fperillocb@nyu.edu,Male,1846-11-21
Lonnard,Wishkar,lwishkarcc@google.cn,Male,1817-06-30
Reuven,Divers,rdiverscd@nsw.gov.au,Male,1947-07-17
Thaine,Queripel,tqueripelce@go.com,Male,1943-11-02
Fanechka,Amey,fameycf@kickstarter.com,Genderfluid,1789-05-17
Adrien,Norridge,anorridgecg@cornell.edu,Male,1787-08-18
Vin,Spellicy,vspellicych@youku.com,Male,1963-03-22
Mannie,Bikker,mbikkerci@hc360.com,Genderqueer,1717-11-01
Evvy,Osinin,eosinincj@army.mil,Agender,1954-09-02
Maurizia,Skillings,mskillingsck@sitemeter.com,Female,1689-01-01
Hollis,Wheelhouse,hwheelhousecl@disqus.com,Male,1729-07-02
Jasun,Bullin,jbullincm@omniture.com,Polygender,1893-02-09
Lisha,Boydon,lboydoncn@foxnews.com,Non-binary,1819-11-12
Darcie,Pedrielli,dpedriellico@jugem.jp,Female,1959-09-09
Reid,Fant,rfantcp@buzzfeed.com,Male,1689-01-01
Tracey,Corzor,tcorzorcq@over-blog.com,Female,1944-04-29
Malina,Mills,mmillscr@miitbeian.gov.cn,Bigender,1806-11-03
Angus,Stockman,astockmancs@4shared.com,Male,1899-11-13
Loralyn,Abrahams,labrahamsct@hc360.com,Female,1890-01-10
Cam,Rospars,crosparscu@webmd.com,Male,1917-06-11
Kally,Dot,kdotcv@facebook.com,Female,2012-09-05
Corrie,Jewers,cjewerscw@wordpress.org,Female,2005-01-14
Filberto,Snarr,fsnarrcx@wikimedia.org,Male,1689-01-01
Eva,Speariett,espeariettcy@nymag.com,Female,1689-01-01
Ethelbert,Fordy,efordycz@com.com,Male,2020-01-26
Hesther,Spore,hspored0@friendfeed.com,Female,1689-01-01
Patin,Gores,pgoresd1@nasa.gov,Male,1805-04-06
Claudell,Garham,cgarhamd2@goo.ne.jp,Male,1832-07-10
Nickolas,Gabitis,ngabitisd3@friendfeed.com,Male,1979-01-11
Lynn,Gilford,lgilfordd4@irs.gov,Male,1726-08-24
Gerri,Tennet,gtennetd5@storify.com,Male,1803-07-15
Gilberte,Malden,gmaldend6@aboutads.info,Female,1844-02-14
Bell,Klugel,bklugeld7@g.co,Female,1917-06-26
Graehme,Castana,gcastanad8@weather.com,Male,1835-05-05
Tobye,Buss,tbussd9@dailymotion.com,Bigender,1738-04-22
Jodi,Mouland,jmoulandda@bbb.org,Female,1940-08-23
Elvyn,Escreet,eescreetdb@ucoz.ru,Male,1762-01-02
Arv,Roser,aroserdc@purevolume.com,Male,2018-02-22
Hailee,Van Hove,hvanhovedd@sun.com,Female,1702-04-16
Merralee,Walework,mwaleworkde@w3.org,Female,1893-09-28
Rachelle,Goggan,rgoggandf@hc360.com,Female,1915-05-30
Vyky,Entwisle,ventwisledg@squarespace.com,Female,1892-04-13
Arlin,Brecknall,abrecknalldh@wikispaces.com,Male,1863-06-19
Gamaliel,Moodycliffe,gmoodycliffedi@dot.gov,Male,1689-01-01
Joyann,Kleinpeltz,jkleinpeltzdj@gnu.org,Female,1827-12-22
Elnora,Clampton,eclamptondk@pinterest.com,Female,1823-10-27
Geneva,Plenderleith,gplenderleithdl@edublogs.org,Female,1923-08-31
Rowan,Beesley,rbeesleydm@indiatimes.com,Male,1837-12-08
Daryle,Neem,dneemdn@bravesites.com,Male,1901-12-03
Eloise,Toffts,etofftsdo@shinystat.com,Female,1688-04-08
Port,Hawksby,phawksbydp@opera.com,Male,2022-09-24
Ansel,Hawkes,ahawkesdq@nydailynews.com,Male,1881-11-07
Hillel,Pisco,hpiscodr@liveinternet.ru,Male,1959-06-19
Samuele,Jeffray,sjeffrayds@usa.gov,Male,1997-05-06
Deeanne,Gallichan,dgallichandt@diigo.com,Female,1682-05-08
Geoffrey,Grishakov,ggrishakovdu@epa.gov,Polygender,1855-10-04
Bartie,Tunnacliffe,btunnacliffedv@aol.com,Male,1945-01-22
Hermia,Volonte,hvolontedw@booking.com,Female,1688-10-26
Cassy,Scarr,cscarrdx@amazon.co.jp,Female,1969-09-25
Moritz,Joslow,mjoslowdy@mit.edu,Male,1756-02-07
Goddart,Huot,ghuotdz@bbc.co.uk,Polygender,1909-07-17
Bendite,Seton,bsetone0@timesonline.co.uk,Non-binary,1777-09-13
Gennifer,Pogue,gpoguee1@addthis.com,Female,1878-07-01
Artemus,Liggins,aligginse2@studiopress.com,Male,1921-11-15
Faulkner,Ferran,fferrane3@pinterest.com,Male,1856-05-27
Katleen,Commucci,kcommuccie4@sakura.ne.jp,Female,1958-09-08
Merrill,McKellar,mmckellare5@163.com,Female,1952-04-01
Aldus,Perren,aperrene6@comsenz.com,Male,1689-01-01
Britney,Jiroudek,bjiroudeke7@samsung.com,Female,2017-08-29
Neville,Bare,nbaree8@bloglovin.com,Male,1895-06-21
Gav,L'oiseau,gloiseaue9@hibu.com,Male,1956-08-04
Yardley,Graver,ygraverea@netvibes.com,Agender,1689-01-01
Archer,Pimblett,apimbletteb@google.co.jp,Male,1963-10-14
Sanders,Philcott,sphilcottec@netlog.com,Male,1767-08-24
Nigel,Greenland,ngreenlanded@jugem.jp,Male,2021-08-23
Perl,Martynov,pmartynovee@unblog.fr,Female,1886-09-14
Noellyn,Wanklyn,nwanklynef@quantcast.com,Female,1850-10-04
Marcille,Cattle,mcattleeg@about.me,Female,1898-04-19
Caty,Pimme,cpimmeeh@utexas.edu,Genderqueer,1733-10-10
Dallas,Djekovic,ddjekovicei@delicious.com,Male,1710-10-13
Garwood,Morden,gmordenej@squidoo.com,Male,1689-01-01
Banky,Zorzetti,bzorzettiek@amazon.co.uk,Male,1889-02-26
Lonee,Meers,lmeersel@hc360.com,Female,2002-06-10
Gisele,Sleney,gsleneyem@thetimes.co.uk,Female,1683-06-17
Marc,Crunkhurn,mcrunkhurnen@skyrock.com,Male,1915-04-15
Jarvis,Kann,jkanneo@furl.net,Male,1689-01-01
Kingston,Troy,ktroyep@dell.com,Male,1689-11-03
Clarette,Wabersinke,cwabersinkeeq@msn.com,Female,1687-04-12
Earle,Tibbetts,etibbettser@vistaprint.com,Male,1748-07-15
Agnes,Acome,aacomees@cbsnews.com,Female,1715-06-25
Mada,Dabnor,mdabnoret@issuu.com,Genderfluid,1757-09-12
Leeland,Petts,lpettseu@mozilla.org,Male,1829-03-25
Norbert,Borzone,nborzoneev@cyberchimps.com,Male,1812-07-17
Ricky,Kiefer,rkieferew@multiply.com,Agender,1914-01-31
Hadrian,Bumfrey,hbumfreyex@wisc.edu,Male,1883-10-16
Sigfrid,Downing,sdowningey@slideshare.net,Male,1774-11-07
Irene,McAlister,imcalisterez@google.co.uk,Female,1720-08-06
Consolata,Chart,cchartf0@clickbank.net,Female,1964-01-12
Leigh,Farens,lfarensf1@theguardian.com,Female,1746-08-06
Dominique,Goldman,dgoldmanf2@prnewswire.com,Male,1799-06-14
Rosalinda,Summerlad,rsummerladf3@ustream.tv,Female,1751-10-05
Lorri,Di Bernardo,ldibernardof4@feedburner.com,Female,1719-04-24
Verine,Mc Meekin,vmcmeekinf5@odnoklassniki.ru,Female,1975-06-15
Leonie,Cadding,lcaddingf6@paginegialle.it,Female,1740-11-16
Camel,Skea,cskeaf7@mozilla.org,Female,2009-01-16
Neal,Evers,neversf8@fastcompany.com,Male,2006-11-11
Quent,Hartwell,qhartwellf9@mtv.com,Male,1912-06-06
Chrystel,Pawlata,cpawlatafa@biblegateway.com,Female,1856-09-02
El,Walkling,ewalklingfb@skyrock.com,Male,1853-09-15
Magnum,Knowlton,mknowltonfc@tripod.com,Male,1992-10-30
Petronilla,Moulding,pmouldingfd@time.com,Female,1734-04-08
Nathaniel,Presnell,npresnellfe@rambler.ru,Male,1912-02-23
Dwain,Rockell,drockellff@slideshare.net,Male,1932-01-27
Elle,Antognelli,eantognellifg@kickstarter.com,Female,1926-02-12
Cherie,Pontin,cpontinfh@flavors.me,Female,1919-05-24
Zandra,Ronaldson,zronaldsonfi@ustream.tv,Female,1679-12-08
Cass,Shearsby,cshearsbyfj@storify.com,Male,2013-04-19
Rosabel,Romanini,rromaninifk@photobucket.com,Female,1869-12-01
Richmound,Bellamy,rbellamyfl@chicagotribune.com,Male,1762-08-20
Hieronymus,Casaro,hcasarofm@tripadvisor.com,Male,1932-12-06
Bondy,Membry,bmembryfn@ft.com,Male,1755-02-08
Gasper,Brok,gbrokfo@i2i.jp,Male,1834-06-13
Ludwig,McKendo,lmckendofp@usgs.gov,Polygender,1944-06-14
Courtney,Matley,cmatleyfq@github.com,Female,1708-03-22
Toby,Warret,twarretfr@sciencedaily.com,Female,1978-10-07
Brande,Fosberry,bfosberryfs@unesco.org,Bigender,1818-07-21
Leonhard,Darrington,ldarringtonft@joomla.org,Male,1799-06-05
Benedikta,Cherrie,bcherriefu@webmd.com,Female,1933-06-29
Phyllis,Bednall,pbednallfv@ustream.tv,Female,1736-09-27
Thatcher,Jeayes,tjeayesfw@amazon.co.uk,Male,1696-12-21
Euphemia,Flucker,efluckerfx@hatena.ne.jp,Female,1777-04-10
Blythe,Lilly,blillyfy@europa.eu,Female,1764-06-06
Pavel,Worley,pworleyfz@livejournal.com,Male,1963-01-16
Mabel,Dunton,mduntong0@elpais.com,Female,2006-01-13
Vikky,Fold,vfoldg1@hexun.com,Female,1779-10-18
Paule,Carlet,pcarletg2@mediafire.com,Female,1701-08-23
Roxie,Parsall,rparsallg3@accuweather.com,Female,1973-10-24
Winona,Du Pre,wdupreg4@squarespace.com,Female,1938-06-23
Bowie,Davidsen,bdavidseng5@house.gov,Male,1896-03-17
Werner,Witty,wwittyg6@vinaora.com,Male,1807-02-06
Salaidh,Staning,sstaningg7@tmall.com,Female,1761-01-03
Corene,Barles,cbarlesg8@flickr.com,Female,1852-08-25
Elston,Beal,ebealg9@usatoday.com,Male,1850-05-22
Omar,Rickertsen,orickertsenga@hostgator.com,Male,1960-05-25
Mildred,Kuhlmey,mkuhlmeygb@disqus.com,Female,1989-10-21
Suzanne,Kindon,skindongc@indiatimes.com,Female,1747-06-22
Garrett,Biford,gbifordgd@weather.com,Male,1968-04-21
Erna,Tersay,etersayge@go.com,Genderfluid,1705-01-07
Anabella,Shimman,ashimmangf@so-net.ne.jp,Female,1799-06-15
Julietta,Halwell,jhalwellgg@smugmug.com,Female,1836-06-10
Symon,Ruter,srutergh@nbcnews.com,Male,1886-10-21
Boycey,Jacklin,bjacklingi@cdc.gov,Male,1791-12-29
Nisse,Gullick,ngullickgj@pagesperso-orange.fr,Female,1903-10-25
Pearle,Elion,peliongk@google.co.jp,Female,1999-07-24
Kizzie,Bonick,kbonickgl@state.tx.us,Female,1719-03-29
Franchot,Philcox,fphilcoxgm@irs.gov,Male,1874-02-11
Doe,Gibke,dgibkegn@printfriendly.com,Female,1878-10-23
Joly,Grubbe,jgrubbego@home.pl,Female,1945-05-01
Lenora,Tidcombe,ltidcombegp@sina.com.cn,Female,1890-05-05
Danny,Bartosek,dbartosekgq@miibeian.gov.cn,Male,1902-01-03
Jilli,Scowcroft,jscowcroftgr@alexa.com,Female,1827-09-05
Abbey,Lambdean,alambdeangs@google.ru,Male,1886-08-30
Thea,Benezet,tbenezetgt@shareasale.com,Female,1922-11-07
Clyde,Bick,cbickgu@nytimes.com,Male,2006-09-11
Giana,Jurca,gjurcagv@nyu.edu,Female,2010-03-30
Free,Schroter,fschrotergw@dot.gov,Male,1693-03-07
Nady,Laurence,nlaurencegx@whitehouse.gov,Female,1689-01-01
Alva,Ducker,aduckergy@dot.gov,Male,1981-04-27
Adore,Petrasek,apetrasekgz@accuweather.com,Female,1982-12-25
Robinetta,Pawle,rpawleh0@friendfeed.com,Female,1880-08-02
Sheridan,Kondratenko,skondratenkoh1@pen.io,Male,1947-09-16
Elvira,Cleever,ecleeverh2@devhub.com,Female,1963-02-01
Annie,Lassell,alassellh3@shop-pro.jp,Female,1729-05-22
Barris,MacCaughey,bmaccaugheyh4@cdc.gov,Male,1923-08-02
Alix,Cusick,acusickh5@arstechnica.com,Polygender,1833-10-28
Zsa zsa,Schoales,zschoalesh6@eepurl.com,Female,1805-08-16
Tanner,Mapp,tmapph7@berkeley.edu,Male,1841-10-02
Chuck,Deegan,cdeeganh8@vinaora.com,Male,1971-11-11
Meghan,Frampton,mframptonh9@friendfeed.com,Non-binary,1689-01-01
Artemis,Bougen,abougenha@theatlantic.com,Male,1875-12-27
Clim,Bottell,cbottellhb@pcworld.com,Male,1924-07-18
Colin,Limeburn,climeburnhc@flavors.me,Male,1844-04-15
Marja,Shubotham,mshubothamhd@jalbum.net,Female,1845-09-05
Tris,Huncoot,thuncoothe@paginegialle.it,Male,1689-01-01
Shurwood,Philippsohn,sphilippsohnhf@wikipedia.org,Male,1748-07-13
Jenelle,Fredson,jfredsonhg@usnews.com,Female,1689-01-01
Salvador,Pirot,spirothh@joomla.org,Male,1683-11-23
Pascale,Luberti,plubertihi@blogs.com,Male,1825-10-01
Wilburt,Vlasin,wvlasinhj@blogtalkradio.com,Male,2012-07-16
Georgeanne,Bosse,gbossehk@auda.org.au,Female,2024-04-19
Keelby,Itzhaiek,kitzhaiekhl@creativecommons.org,Male,1875-03-11
Kienan,Pinare,kpinarehm@google.nl,Male,1849-04-04
Giselbert,Klimkovich,gklimkovichhn@discovery.com,Male,1962-06-08
Arabel,Klass,aklassho@stumbleupon.com,Female,1773-11-07
Karolina,Aberkirdo,kaberkirdohp@dyndns.org,Female,1711-08-24
Kingsly,Wones,kwoneshq@indiegogo.com,Male,1838-01-13
Dan,Feltham,dfelthamhr@joomla.org,Male,1964-11-07
Derry,Armin,darminhs@usgs.gov,Male,1829-03-15
Gordy,Allot,gallotht@technorati.com,Male,1959-12-09
Zora,Davidofski,zdavidofskihu@scribd.com,Female,1848-11-13
Bianka,Moller,bmollerhv@dmoz.org,Female,1796-10-17
Sharlene,Brunke,sbrunkehw@w3.org,Female,1830-06-17
Blanca,Hendrikse,bhendriksehx@europa.eu,Female,1721-04-01
Mercedes,Grigoli,mgrigolihy@guardian.co.uk,Female,1764-03-27
Antonius,Lippingwell,alippingwellhz@ustream.tv,Male,1928-08-30
Romain,Hanning,rhanningi0@salon.com,Male,1954-01-24
Gianina,Gregorowicz,ggregorowiczi1@youtube.com,Bigender,1742-01-30
Devland,Iacomelli,diacomellii2@cmu.edu,Male,1983-07-22
Obed,Rimmer,orimmeri3@buzzfeed.com,Genderqueer,1678-04-25
Niccolo,Overland,noverlandi4@google.it,Male,1695-03-30
Nickolai,Jasiak,njasiaki5@seesaa.net,Male,1731-09-20
Wald,Deppe,wdeppei6@ted.com,Male,1944-10-05
Teena,Stowell,tstowelli7@edublogs.org,Female,1986-10-28
Mic,Regis,mregisi8@ovh.net,Male,1784-08-14
Ashlin,Petegre,apetegrei9@liveinternet.ru,Male,1974-05-18
Isadore,Sentinella,isentinellaia@apache.org,Male,1916-03-24
Walsh,Ledner,wlednerib@vistaprint.com,Male,1720-10-12
Fionnula,Orford,forfordic@wikipedia.org,Female,1684-07-16
Tootsie,Guitonneau,tguitonneauid@dedecms.com,Female,1798-10-27
Judith,Gransden,jgransdenie@alexa.com,Female,1744-12-19
Brigida,Roebuck,broebuckif@xrea.com,Female,1908-05-03
Kirby,Tow,ktowig@discovery.com,Female,1899-09-24
Georas,Aymer,gaymerih@cafepress.com,Polygender,1734-02-15
Davidson,Goldie,dgoldieii@parallels.com,Bigender,1689-01-01
Sumner,Bourhill,sbourhillij@imgur.com,Male,1790-02-20
Pavia,Glennie,pglennieik@jiathis.com,Female,1818-02-13
Esme,Segges,eseggesil@elpais.com,Female,1832-10-01
Merridie,Ziemke,mziemkeim@yale.edu,Female,1779-10-07
Quinlan,Trustie,qtrustiein@telegraph.co.uk,Male,1888-03-04
Siana,Fassum,sfassumio@plala.or.jp,Female,2007-05-03
Simmonds,Mateescu,smateescuip@surveymonkey.com,Male,1721-08-15
Hillard,Marians,hmariansiq@freewebs.com,Male,1831-05-09
Mollie,Wykes,mwykesir@miitbeian.gov.cn,Female,1873-09-15
Leyla,Readwood,lreadwoodis@vinaora.com,Female,1744-06-12
Tallie,Schwier,tschwierit@is.gd,Female,1725-02-16
Arabela,Arenson,aarensoniu@dagondesign.com,Female,1771-05-04
Bernardine,Slowley,bslowleyiv@ebay.com,Non-binary,1961-01-27
Madlin,Claeskens,mclaeskensiw@google.fr,Female,1880-09-29
Natasha,Tyre,ntyreix@zdnet.com,Female,1854-10-23
Mario,Prugel,mprugeliy@hao123.com,Male,1915-09-04
Lissie,Caldes,lcaldesiz@unc.edu,Female,1978-02-01
Mikkel,Dugald,mdugaldj0@businesswire.com,Male,1983-06-23
Hillary,Whiskerd,hwhiskerdj1@ucoz.com,Male,1732-10-09
Chance,Dannett,cdannettj2@skyrock.com,Male,1734-07-20
Uriel,Inott,uinottj3@businessweek.com,Male,1697-06-27
Arlan,Piddington,apiddingtonj4@ustream.tv,Male,1736-01-11
Immanuel,Whear,iwhearj5@comsenz.com,Male,2000-05-07
Inez,Mahaddie,imahaddiej6@sciencedirect.com,Female,2007-09-12
Allen,Morrissey,amorrisseyj7@army.mil,Male,1862-03-04
Tobye,Heaker,theakerj8@ft.com,Female,1689-01-01
Gail,Shadrach,gshadrachj9@un.org,Female,1775-11-21
Fabio,Lackner,flacknerja@dedecms.com,Male,1793-01-15
Griswold,Ludmann,gludmannjb@deviantart.com,Male,1986-06-06
Happy,Latta,hlattajc@tumblr.com,Female,1689-01-01
Jackquelin,Curragh,jcurraghjd@slashdot.org,Female,1964-03-15
Natal,Gooly,ngoolyje@auda.org.au,Male,1991-05-19
Gaultiero,Grumley,ggrumleyjf@soundcloud.com,Male,1927-04-30
Kurt,McNaughton,kmcnaughtonjg@deliciousdays.com,Male,1684-06-04
Delphinia,Goodlad,dgoodladjh@soundcloud.com,Non-binary,1969-01-15
Colline,Vickars,cvickarsji@hostgator.com,Female,1880-02-02
Daron,Adiscot,dadiscotjj@sphinn.com,Male,1974-06-30
Ludovika,Ardern,lardernjk@theatlantic.com,Female,1934-04-17
Dianna,Beenham,dbeenhamjl@state.tx.us,Female,2002-11-10
Catherin,Brandel,cbrandeljm@dropbox.com,Female,1708-12-29
Otho,Poppy,opoppyjn@hud.gov,Male,1835-01-26
Dolores,Gisburne,dgisburnejo@naver.com,Female,1798-10-16
Wallas,Braybrooks,wbraybrooksjp@miitbeian.gov.cn,Male,1938-04-13
Dion,Itzchaki,ditzchakijq@netlog.com,Male,1682-12-07
Harcourt,Manley,hmanleyjr@cbsnews.com,Male,1988-12-24
Maitilde,Adamek,madamekjs@globo.com,Female,1790-08-01
Urson,Oldacres,uoldacresjt@wikia.com,Male,1828-10-13
Minta,Gosford,mgosfordju@tinypic.com,Female,1907-03-27
Wain,Vedeneev,wvedeneevjv@cnbc.com,Male,1714-12-07
Lotta,Kroll,lkrolljw@rakuten.co.jp,Female,1713-01-13
Gail,Ivashin,givashinjx@java.com,Female,1806-02-21
Jude,Debnam,jdebnamjy@1und1.de,Male,1818-02-21
Noelyn,Extil,nextiljz@elegantthemes.com,Female,1866-01-15
Zolly,Dewhirst,zdewhirstk0@forbes.com,Male,1788-03-23
Nettle,Roote,nrootek1@taobao.com,Female,1998-04-14
Hakeem,Escalera,hescalerak2@google.co.jp,Male,1962-02-18
Lisabeth,Kenchington,lkenchingtonk3@rambler.ru,Female,1882-07-02
Olag,Caunt,ocauntk4@usda.gov,Male,1760-06-16
Clementina,Kulvear,ckulveark5@cdc.gov,Female,1689-01-01
Audrey,Bruckmann,abruckmannk6@imdb.com,Female,1784-11-13
Isidora,Peinton,ipeintonk7@house.gov,Female,1906-12-03
Dar,Liven,dlivenk8@prnewswire.com,Male,1918-09-05
Hamlin,Schroeder,hschroederk9@youtube.com,Male,1683-02-12
Taffy,Franceschelli,tfranceschellika@engadget.com,Female,1916-09-07
Gerri,Pudsall,gpudsallkb@de.vu,Female,1801-06-20
Maure,Kinsman,mkinsmankc@thetimes.co.uk,Female,1789-05-18
Shea,Chaman,schamankd@twitpic.com,Male,1909-05-21
Susette,Dudney,sdudneyke@de.vu,Female,1817-01-01
Brit,Sawford,bsawfordkf@house.gov,Male,1824-06-09
Delaney,Christian,dchristiankg@home.pl,Male,1830-11-07
Chloe,Anders,canderskh@addthis.com,Female,1796-02-24
Matti,Willmetts,mwillmettski@surveymonkey.com,Female,1877-04-29
Phaidra,Sturman,psturmankj@sfgate.com,Female,1759-01-24
Alma,Chapelhow,achapelhowkk@themeforest.net,Female,1840-04-09
Liesa,Matcham,lmatchamkl@deviantart.com,Female,1759-08-03
Emmanuel,Phillipps,ephillippskm@goo.gl,Male,1772-06-20
Eddy,Cranston,ecranstonkn@google.com.br,Female,1833-05-01
Alair,Pilbury,apilburyko@thetimes.co.uk,Male,1722-09-06
Stanly,Embra,sembrakp@ed.gov,Male,1966-09-03
Valencia,Camelli,vcamellikq@un.org,Female,1886-09-21
Roberto,Dummett,rdummettkr@salon.com,Male,1791-03-30
Finn,Spilsted,fspilstedks@gravatar.com,Male,1702-05-16
Junette,Patty,jpattykt@irs.gov,Female,1975-04-17
Desdemona,Guice,dguiceku@aol.com,Female,1896-08-30
Ellie,Smelley,esmelleykv@google.ca,Female,1861-05-13
Tawsha,Raybould,traybouldkw@dropbox.com,Female,1784-01-13
Klarika,Blitz,kblitzkx@mozilla.org,Female,1721-01-18
Trina,Colbert,tcolbertky@guardian.co.uk,Female,1812-02-14
Lyda,Miche,lmichekz@nsw.gov.au,Female,1832-01-24
Hughie,Slator,hslatorl0@google.com.br,Genderqueer,1884-11-25
Nickolas,Congram,ncongraml1@tripod.com,Male,1821-10-31
Paulette,Barkworth,pbarkworthl2@salon.com,Female,1785-08-11
Marmaduke,Firpo,mfirpol3@pcworld.com,Genderqueer,1688-11-21
Hamlen,Saunt,hsauntl4@businessweek.com,Male,1729-02-18
Joshuah,Rich,jrichl5@biglobe.ne.jp,Agender,1900-01-06
Luella,Worrill,lworrilll6@google.cn,Female,1710-06-27
Alford,Yorath,ayorathl7@multiply.com,Male,1881-02-26
Jillane,Milward,jmilwardl8@bluehost.com,Female,1716-07-27
Nelson,Drust,ndrustl9@amazonaws.com,Male,1903-04-18
Jeanelle,Ranyard,jranyardla@ucsd.edu,Female,1713-07-21
Chrisy,Tellenbach,ctellenbachlb@washingtonpost.com,Male,1962-05-02
Haywood,Jordine,hjordinelc@oakley.com,Male,1982-06-23
Ambrose,Plumley,aplumleyld@bing.com,Male,1812-12-15
Karlotta,Radborn,kradbornle@webeden.co.uk,Female,1852-04-11
Sosanna,Paramor,sparamorlf@comcast.net,Female,1759-03-05
Otes,Bickmore,obickmorelg@cpanel.net,Male,1782-09-23
Cherey,Stronough,cstronoughlh@sakura.ne.jp,Bigender,1689-01-01
Mattheus,Caveill,mcaveillli@cnet.com,Male,1682-07-26
Alasdair,Hunnywell,ahunnywelllj@bluehost.com,Male,1757-07-23
Beverley,Hedlestone,bhedlestonelk@instagram.com,Female,1692-02-21
Manolo,Fruish,mfruishll@behance.net,Male,1952-08-14
Amity,Reddell,areddelllm@ebay.com,Female,1858-06-29
Karlan,Letty,klettyln@desdev.cn,Male,1696-09-08
Nanette,Colter,ncolterlo@vimeo.com,Female,1919-02-27
Catharina,Kime,ckimelp@comcast.net,Female,1925-03-31
Casey,Easson,ceassonlq@hp.com,Male,1852-05-09
Mitchell,Lethabridge,mlethabridgelr@home.pl,Male,1689-01-01
Tracie,Cargill,tcargillls@jiathis.com,Male,1955-06-24
Delia,Layton,dlaytonlt@ucla.edu,Female,1763-03-26
Maurise,Frame,mframelu@blog.com,Male,1732-07-28
Chiquia,Philipson,cphilipsonlv@tinypic.com,Female,1792-12-11
Annabelle,Gunstone,agunstonelw@gizmodo.com,Female,1963-01-15
Oriana,Dowsett,odowsettlx@phpbb.com,Female,1986-02-03
Waverley,Trahar,wtraharly@clickbank.net,Male,1932-08-24
Ingram,Kuban,ikubanlz@tripadvisor.com,Male,1815-03-20
Gottfried,Rowan,growanm0@guardian.co.uk,Male,1740-03-16
Hendrika,Watkins,hwatkinsm1@pcworld.com,Female,1832-12-23
Tove,Sturt,tsturtm2@soup.io,Genderfluid,1874-05-27
Eadith,Barhems,ebarhemsm3@dropbox.com,Female,1969-03-09
Brandais,Flemyng,bflemyngm4@tripadvisor.com,Female,1866-05-16
Ber,Naseby,bnasebym5@ucsd.edu,Male,1822-07-28
Hobie,Cabbell,hcabbellm6@newyorker.com,Male,1938-01-02
Kate,Makin,kmakinm7@icq.com,Female,1689-01-01
Barbaraanne,Pursehouse,bpursehousem8@lulu.com,Bigender,1994-02-11
Dorie,Simkovich,dsimkovichm9@virginia.edu,Male,1887-03-09
Bernadene,Beininck,bbeininckma@tuttocitta.it,Female,1852-09-19
Darwin,Bratty,dbrattymb@digg.com,Male,2005-07-28
Livvyy,Birkett,lbirkettmc@blogspot.com,Female,2020-03-22
Cari,Undy,cundymd@reuters.com,Female,1865-12-21
Rora,Van Der Walt,rvanderwaltme@arstechnica.com,Female,1900-03-08
Betteanne,Jouhan,bjouhanmf@wisc.edu,Non-binary,1841-06-16
Corrie,Pourvoieur,cpourvoieurmg@mozilla.com,Genderqueer,1713-12-03
Mozes,Guterson,mgutersonmh@ning.com,Male,1995-07-03
Roobbie,MacFall,rmacfallmi@feedburner.com,Female,1829-02-05
Desdemona,Farry,dfarrymj@newsvine.com,Female,1804-08-02
Maurits,Skelding,mskeldingmk@china.com.cn,Male,1731-12-05
Cobbie,Wilsone,cwilsoneml@wsj.com,Male,1911-07-05
Hunfredo,Strephan,hstrephanmm@slate.com,Male,1873-03-04
Reine,Swalwell,rswalwellmn@seesaa.net,Female,1996-10-20
Idette,Ayshford,iayshfordmo@photobucket.com,Bigender,1868-06-21
Lillian,Butterfill,lbutterfillmp@chicagotribune.com,Female,1689-01-01
Pierre,Geraudel,pgeraudelmq@stumbleupon.com,Male,1892-12-29
Rorie,Lobley,rlobleymr@springer.com,Polygender,1817-11-20
Elliott,Arrundale,earrundalems@washingtonpost.com,Male,1982-01-12
Nanci,Shank,nshankmt@japanpost.jp,Bigender,1743-08-05
Jarrad,Gallimore,jgallimoremu@free.fr,Male,1899-05-28
Noby,Kubu,nkubumv@nymag.com,Male,1960-06-07
Stephanus,Lawrenson,slawrensonmw@cafepress.com,Male,1870-11-21
Allan,Tremblot,atremblotmx@chron.com,Male,1832-07-24
Eugine,Lahiff,elahiffmy@1688.com,Female,1698-01-11
Ingrim,Umpleby,iumplebymz@epa.gov,Male,1794-05-29
Norry,Mizzen,nmizzenn0@nps.gov,Female,1716-12-08
Essa,Parchment,eparchmentn1@behance.net,Female,1997-04-09
Adelind,Cornew,acornewn2@arizona.edu,Bigender,2016-08-31
Albertina,Kingsworth,akingsworthn3@ed.gov,Non-binary,1699-11-27
Arabella,Kulis,akulisn4@rambler.ru,Female,1882-02-21
Jocelyne,Enbury,jenburyn5@nba.com,Female,1745-07-30
Reuben,Estcourt,restcourtn6@nhs.uk,Genderqueer,1738-04-29
Winnie,Heighway,wheighwayn7@washington.edu,Female,1720-11-19
Devin,Presdie,dpresdien8@weibo.com,Female,1910-08-03
Caldwell,Balint,cbalintn9@huffingtonpost.com,Male,1751-10-11
Allan,Tellett,atellettna@nhs.uk,Male,1761-06-17
Dorry,Colleford,dcollefordnb@sfgate.com,Female,1812-10-29
Woodman,Kimbling,wkimblingnc@elpais.com,Male,1769-07-08
Gabrielle,Hellewell,ghellewellnd@webs.com,Female,1825-07-08
Jordan,Galway,jgalwayne@toplist.cz,Male,1763-09-03
Terrill,Wakes,twakesnf@latimes.com,Male,1889-05-29
Bradan,Laydel,blaydelng@ustream.tv,Male,1709-11-11
Jacklin,Laurance,jlaurancenh@hubpages.com,Female,1761-01-22
Dana,Found,dfoundni@army.mil,Female,1939-06-15
Farley,Bozward,fbozwardnj@google.fr,Male,1723-12-02
Meg,Ginger,mgingernk@indiegogo.com,Non-binary,1910-08-28
Javier,Michallat,jmichallatnl@pbs.org,Male,2020-08-29
Ricki,Pennicard,rpennicardnm@hexun.com,Male,2007-04-08
Tabbi,McRitchie,tmcritchienn@yellowbook.com,Female,1808-06-27
Neysa,Olivetti,nolivettino@tinypic.com,Female,1872-02-08
Salomon,Caswall,scaswallnp@360.cn,Male,2013-01-22
Leonore,Ricardon,lricardonnq@imgur.com,Genderqueer,2000-06-02
Lancelot,Welbelove,lwelbelovenr@e-recht24.de,Male,2001-08-15
Stormie,Doerrling,sdoerrlingns@psu.edu,Female,1687-10-11
Corrine,Karel,ckarelnt@slashdot.org,Female,1828-11-11
Wylie,Nappin,wnappinnu@soup.io,Male,1726-04-28
Yoshi,Stickins,ystickinsnv@bigcartel.com,Female,1753-07-05
Eadmund,Barlace,ebarlacenw@apache.org,Male,1843-12-30
Ivett,Franies,ifraniesnx@tiny.cc,Female,1901-10-20
Gary,Ettritch,gettritchny@umich.edu,Male,1939-08-31
Basile,Leete,bleetenz@friendfeed.com,Genderqueer,1949-02-08
Farlay,Linthead,flintheado0@discuz.net,Male,1691-06-17
Remy,Grewcock,rgrewcocko1@sciencedirect.com,Female,1830-05-20
Kelci,Waymont,kwaymonto2@latimes.com,Female,1907-09-18
Ado,Elders,aelderso3@live.com,Male,1700-08-17
Kaia,Le Fleming,kleflemingo4@microsoft.com,Female,1786-09-26
Mora,Myrick,mmyricko5@jigsy.com,Female,1825-05-18
Nelli,Healings,nhealingso6@parallels.com,Female,1797-09-17
Sallyann,Rusling,sruslingo7@boston.com,Agender,1890-03-25
Amelie,Breinlein,abreinleino8@eventbrite.com,Female,1931-03-15
Melony,Beaves,mbeaveso9@reddit.com,Female,1812-06-21
Clem,Bancroft,cbancroftoa@washingtonpost.com,Male,1981-07-28
Rem,Laroze,rlarozeob@weebly.com,Male,1769-12-20
Eldin,Fydoe,efydoeoc@irs.gov,Male,1689-01-01
Chev,Prydden,cpryddenod@forbes.com,Male,1803-09-14
Adan,Spiby,aspibyoe@soundcloud.com,Female,1892-10-19
Amil,Rupert,arupertof@desdev.cn,Female,1801-08-07
Cherry,Vakhrushev,cvakhrushevog@cdbaby.com,Female,1706-02-18
Almeria,Vedikhov,avedikhovoh@sphinn.com,Agender,1741-03-14
Xerxes,Graal,xgraaloi@arizona.edu,Male,1983-12-16
Gussi,Arblaster,garblasteroj@microsoft.com,Genderfluid,1727-06-28
Berty,Fedoronko,bfedoronkook@squarespace.com,Male,1992-09-10
Erda,Thoresbie,ethoresbieol@baidu.com,Female,1794-01-23
Ysabel,Hagwood,yhagwoodom@github.com,Female,1842-05-29
Clemence,Hultberg,chultbergon@biblegateway.com,Female,1767-07-08
Anny,Skaid,askaidoo@google.nl,Female,1751-05-19
Sinclare,Gerhts,sgerhtsop@vkontakte.ru,Male,1862-12-25
Lonni,Arrigo,larrigooq@biblegateway.com,Female,1925-11-10
Philipa,Matous,pmatousor@myspace.com,Female,1699-12-12
Sonni,Trodd,stroddos@buzzfeed.com,Female,1969-10-17
Whittaker,Booij,wbooijot@unesco.org,Male,1689-01-01
Eirena,Cossons,ecossonsou@narod.ru,Female,1953-03-13
Carley,Zelley,czelleyov@google.co.uk,Female,1947-01-24
Derrek,Kidston,dkidstonow@merriam-webster.com,Agender,1848-10-22
Brand,Rounsivall,brounsivallox@state.tx.us,Male,1883-06-21
Van,Rudwell,vrudwelloy@blinklist.com,Male,1945-10-07
Lucas,Muzzini,lmuzzinioz@biglobe.ne.jp,Male,1689-01-01
Dan,Conville,dconvillep0@1und1.de,Male,1896-08-01
Fleming,De Lasci,fdelascip1@weebly.com,Male,1802-03-26
Angela,Essam,aessamp2@homestead.com,Female,1682-01-02
Catharine,Nanetti,cnanettip3@e-recht24.de,Female,1827-05-11
Carie,Shillitto,cshillittop4@csmonitor.com,Female,1792-07-17
Polly,Sides,psidesp5@devhub.com,Female,1929-10-26
Malina,Crippen,mcrippenp6@google.co.jp,Female,1964-10-15
Caterina,Dovington,cdovingtonp7@shop-pro.jp,Agender,1946-07-31
Siouxie,Eckels,seckelsp8@google.nl,Female,1689-01-01
Gale,Greenstock,ggreenstockp9@shop-pro.jp,Male,1709-05-11
Basile,Paudin,bpaudinpa@about.me,Male,1782-02-11
Melisa,Hassewell,mhassewellpb@google.com.au,Female,1798-07-19
Maryjane,Risebrow,mrisebrowpc@howstuffworks.com,Female,1846-01-30
Gaspard,Piens,gpienspd@soundcloud.com,Male,1879-12-17
Gabi,Fawltey,gfawlteype@sourceforge.net,Female,1940-07-24
Everett,Di Bartolommeo,edibartolommeopf@tripadvisor.com,Male,1693-09-11
Kit,Loder,kloderpg@so-net.ne.jp,Female,1877-05-03
Loydie,Blacklock,lblacklockph@smugmug.com,Male,1769-01-26
Eziechiele,Dishmon,edishmonpi@unblog.fr,Male,1699-03-06
Rici,Dougary,rdougarypj@about.me,Female,1818-01-09
Victor,Kentish,vkentishpk@nhs.uk,Male,1902-07-31
Freeman,Gisbey,fgisbeypl@apache.org,Male,1913-10-10
Ewan,Leidecker,eleideckerpm@google.com.hk,Male,1689-01-01
Winthrop,Kinnar,wkinnarpn@mail.ru,Polygender,1697-12-01
Marketa,Langrish,mlangrishpo@youku.com,Female,1689-01-01
Hilton,Aim,haimpp@washington.edu,Male,1871-08-21
Riva,Bozworth,rbozworthpq@businessinsider.com,Female,1885-03-09
Arline,Trethewey,atretheweypr@mail.ru,Polygender,1723-09-08
Killy,McKee,kmckeeps@wikispaces.com,Non-binary,1710-08-25
Fenelia,Orsi,forsipt@chicagotribune.com,Female,1721-09-25
Ardelis,Barnwall,abarnwallpu@quantcast.com,Female,1689-01-01
Allene,Igoe,aigoepv@hao123.com,Female,1818-02-27
Philip,Fishby,pfishbypw@hao123.com,Male,1757-10-17
Dalton,Sandell,dsandellpx@hp.com,Male,1949-07-07
Vince,Heiner,vheinerpy@yellowpages.com,Male,1752-03-05
Felecia,Coleborn,fcolebornpz@domainmarket.com,Female,1995-08-06
Nada,Ferandez,nferandezq0@cisco.com,Female,1716-08-01
Dusty,Lloyds,dlloydsq1@usa.gov,Female,1721-01-20
Lanae,McDavitt,lmcdavittq2@dagondesign.com,Female,1838-04-25
Zarla,Sherlaw,zsherlawq3@examiner.com,Non-binary,1720-05-03
Salomon,Bourner,sbournerq4@sciencedaily.com,Male,1842-12-18
Brooks,Imms,bimmsq5@wufoo.com,Male,1926-02-06
Elene,Venable,evenableq6@github.com,Female,1689-01-01
Maryjo,Tuhy,mtuhyq7@phpbb.com,Female,1799-12-14
Trisha,Alderson,taldersonq8@mozilla.com,Bigender,1890-02-14
Margarethe,Cleveland,mclevelandq9@oakley.com,Female,1689-01-01
Irving,Clothier,iclothierqa@ox.ac.uk,Male,2009-03-22
Lisetta,Moy,lmoyqb@moonfruit.com,Female,2001-07-02
Ogdon,Sannes,osannesqc@yellowpages.com,Male,1754-06-09
Gray,Lodge,glodgeqd@soundcloud.com,Non-binary,1955-08-27
Fidelio,Wisedale,fwisedaleqe@oakley.com,Male,1967-11-27
Darin,Cawthorne,dcawthorneqf@w3.org,Polygender,1961-01-17
Delano,Flaunders,dflaundersqg@mysql.com,Male,1804-08-26
Wood,Cello,wcelloqh@gmpg.org,Male,1978-09-08
Lena,Farleigh,lfarleighqi@wufoo.com,Female,1684-08-01
Anstice,Poletto,apolettoqj@surveymonkey.com,Female,1833-11-16
Alphonse,Udall,audallqk@vkontakte.ru,Male,1698-06-27
Ingar,Gumbley,igumbleyql@pagesperso-orange.fr,Male,1689-01-01
Pyotr,Greated,pgreatedqm@state.gov,Male,1872-08-04
Maritsa,Petracek,mpetracekqn@guardian.co.uk,Female,1689-01-01
Grissel,Adaway,gadawayqo@uol.com.br,Female,1953-07-11
Walton,Cass,wcassqp@feedburner.com,Male,1843-01-23
Ashton,Stopford,astopfordqq@over-blog.com,Male,1707-05-08
Hinze,Ellam,hellamqr@multiply.com,Male,1877-03-22
Rois,Seton,rsetonqs@nhs.uk,Female,1725-09-23
Myrtie,Grunwald,mgrunwaldqt@google.es,Female,1985-01-29
Faun,Monkton,fmonktonqu@friendfeed.com,Female,1908-11-09
Remus,Townsend,rtownsendqv@angelfire.com,Male,1971-01-05
Onfroi,Finch,ofinchqw@shareasale.com,Male,1950-10-19
Bea,Addington,baddingtonqx@phpbb.com,Polygender,1849-02-14
Sybilla,Pennigar,spennigarqy@house.gov,Female,1842-04-05
Ailee,Gulliver,agulliverqz@fda.gov,Female,1900-05-18
Luise,Teasdale,lteasdaler0@acquirethisname.com,Female,1718-10-14
Arly,Wren,awrenr1@live.com,Female,1698-10-09
Corty,Noraway,cnorawayr2@comcast.net,Male,1928-02-25
Hymie,Bartholat,hbartholatr3@histats.com,Genderqueer,1839-09-08
Dov,MacGillacolm,dmacgillacolmr4@economist.com,Polygender,1689-01-01
Sharona,Rosso,srossor5@slideshare.net,Female,1844-01-31
Kaspar,Coventon,kcoventonr6@home.pl,Male,2014-12-29
Emylee,Lagden,elagdenr7@themeforest.net,Female,1689-01-01
Aila,McEniry,amceniryr8@nih.gov,Female,1923-01-08
Shepard,Laurens,slaurensr9@posterous.com,Male,1732-02-26
Davis,Dodman,ddodmanra@webnode.com,Male,1700-01-11
Salli,Cobon,scobonrb@webmd.com,Female,1857-12-26
Sullivan,Priddy,spriddyrc@a8.net,Male,1913-02-07
Crystie,Cornels,ccornelsrd@typepad.com,Female,1689-01-01
Prisca,Idiens,pidiensre@livejournal.com,Female,1907-07-24
Bab,Spino,bspinorf@unicef.org,Female,1713-04-19
Sadella,Sambrook,ssambrookrg@unesco.org,Female,1757-07-29
Shelby,Gidney,sgidneyrh@chron.com,Male,1687-03-04
Consolata,Whellams,cwhellamsri@eventbrite.com,Female,1794-08-15
Boonie,Coard,bcoardrj@liveinternet.ru,Male,1843-02-04
Jermaine,Rogan,jroganrk@state.tx.us,Female,1935-07-29
Joshuah,Maingot,jmaingotrl@hibu.com,Male,1838-11-06
Joseito,Arkell,jarkellrm@skype.com,Male,1755-07-06
Wesley,Klambt,wklambtrn@prweb.com,Male,1689-01-01
Willow,Gillespey,wgillespeyro@infoseek.co.jp,Female,2017-12-25
Yolanthe,Kersey,ykerseyrp@hubpages.com,Female,1845-07-26
Maggy,Boulding,mbouldingrq@ted.com,Female,1717-11-16
Arly,Kieff,akieffrr@bloglines.com,Female,1689-01-01
