name,category ,desc
responsive,national,"Nondisp fx of lateral end unsp clavicle, 7thP"
flexibility,static,"Sublux of distal interphaln joint of left thumb, sequela"
context-sensitive,tangible,"Other dislocation of right wrist and hand, initial encounter"
Down-sized,projection,"Maternal care for oth rhesus isoimmun, first trimester, oth"
User-centric,impactful,"Respiratory failure, unspecified with hypoxia"
time-frame,foreground,"Recurrent dislocation, left knee"
extranet,Front-line,"Unsp car occupant injured in nonclsn trnsp acc nontraf, init"
local area network,knowledge base,"Milt op w indirect blast effect of nuclear weapon, milt"
flexibility,hub,"Avulsion of right eye, initial encounter"
middleware,Total,"Joint derangement, unspecified"
archive,zero administration,"Path fracture in neoplastic disease, right femur, init"
standardization,Networked,Corrosion of third degree of chest wall
scalable,local area network,"Inj intercostal blood vessels, unsp side, init encntr"
Face to face,Decentralized,"Dislocation of L2/L3 lumbar vertebra, sequela"
real-time,Quality-focused,"Inj unsp musc/fasc/tend at forearm level, right arm"
static,array,"Oth fx left femur, subs for opn fx type I/2 w malunion"
client-server,holistic,"Puncture wound without foreign body, unspecified knee"
full-range,Profound,"Hydroxyapatite deposition disease, right wrist"
standardization,Cross-group,"Oth incomplete lesion at T2-T6, subs"
capacity,Total,West Nile virus infection with encephalitis
projection,mission-critical,"Fall in (into) shower or empty bathtub, subsequent encounter"
Distributed,Graphical User Interface,"Unspecified injury of bronchus, bilateral"
toolset,function,"Superficial foreign body, right knee, sequela"
Customizable,attitude,Dysphasia following nontraumatic subarachnoid hemorrhage
framework,matrix,"Low-tension glaucoma, left eye, moderate stage"
scalable,attitude,"Retained foreign body in unspecified eye, unspecified eyelid"
disintermediate,dynamic,Pressure ulcer of back
Horizontal,customer loyalty,"Open bite of right buttock, initial encounter"
motivating,object-oriented,"Fall d/t clsn betw oth pwr wtrcrft and oth wtrcrft/obj, init"
directional,upward-trending,Acute embolism and thrombosis of superior vena cava
Persistent,initiative,Pt unintent undrdose of meds regimen due to age-rel debility
demand-driven,focus group,"Low-tension glaucoma, right eye, severe stage"
Profound,Cloned,Pedal cycle rider injured in collision w statnry object
clear-thinking,web-enabled,"Injury of radial nerve at forearm level, unspecified arm"
Automated,concept,"Pathological dislocation of hip, not elsewhere classified"
encryption,Synergized,"Female friend of parent, perp of maltreat and neglect"
User-friendly,neutral,"Disp fx of shaft of oth metacarpal bone, init for clos fx"
Automated,hierarchy,"Superficial frostbite of unsp hip and thigh, init encntr"
encryption,Vision-oriented,"Oth fx shaft of left fibula, subs for clos fx w nonunion"
tangible,Business-focused,Other chest pain
mission-critical,De-engineered,Unspecified dislocation of right acromioclavicular joint
systemic,Extended,"Displ seg fx shaft of ulna, l arm, 7thG"
attitude,concept,"Corrosion of unsp degree of unspecified wrist, init encntr"
user-facing,client-server,"Nondisp fx of lateral condyle of unsp femr, 7thQ"
strategy,service-desk,"Other specified fracture of unspecified acetabulum, sequela"
Re-contextualized,toolset,"Mech compl of GI prosthetic devices, implants and"
knowledge user,coherent,"Person outside car injured in clsn w ped/anml in traf, subs"
encompassing,Advanced,Besnier's prurigo
Progressive,coherent,"Poisoning by penicillins, accidental, sequela"
Multi-channelled,Implemented,Cerebral infrc due to thombos of left middle cerebral artery
dedicated,fault-tolerant,"Occ of anml-drn vehicle injured in clsn w pedl cyc, sequela"
initiative,dedicated,"Sltr-haris Type IV physeal fx left metatarsal, sequela"
intranet,portal,"Oth disrd of synovium and tendon, unspecified elbow"
complexity,asymmetric,Diab d/t undrl cond w mild nonprlf diab rtnop w/o mclr edema
Face to face,Mandatory,"Complete traumatic amputation of unsp foot, level unsp, subs"
Monitored,Organic,Inj extensor musc/fasc/tend l mid finger at forearm level
solution,hub,"Oth nondisp fx of sixth cervcal vert, 7thD"
high-level,toolset,"Poisoning by enzymes, undetermined, sequela"
4th generation,asymmetric,"Open bite, unspecified foot"
leverage,clear-thinking,"Central subluxation of left hip, sequela"
Implemented,Vision-oriented,"Partial traumatic MCP amputation of l little finger, sequela"
Re-contextualized,Enhanced,Pre-excitation syndrome
Upgradable,Multi-lateral,"Bent bone of right ulna, subs for clos fx w delay heal"
core,directional,Postproc hemor of right eye and adnexa fol other procedure
transitional,Organic,"Intentional self-harm by oth larger firearm discharge, subs"
mobile,Open-architected,Laceration w/o fb of r little finger w damage to nail
Upgradable,encoding,"Osteopathy in diseases classified elsewhere, right hand"
eco-centric,full-range,"Disorder of prostate, unspecified"
Universal,knowledge base,Acute (reversible) ischemia of small intestine
contingency,Re-contextualized,"Tear of articular cartilage of unspecified knee, current"
intangible,Multi-channelled,"Disp fx of medial phalanx of right little finger, init"
function,Up-sized,Malignant neoplasm of overlapping sites of breast
solution,Automated,Minor laceration of left innominate or subclavian artery
solution,Universal,"Posterior disp fx of sternal end of unsp clavicle, init"
Up-sized,service-desk,Polyhydramnios
bottom-line,algorithm,Fracture of unspecified phalanx of left little finger
multimedia,algorithm,"Mtrcy passenger injured in collision w hv veh nontraf, subs"
Ameliorated,database,Reverse articulation
initiative,Stand-alone,"Pnctr w/o foreign body of unsp cheek and TMJ area, subs"
Switchable,workforce,"Mtrcy pasngr injured in clsn w 2/3-whl mv nontraf, sequela"
executive,Open-architected,"Central dislocation of unspecified hip, sequela"
forecast,productivity,"Cntct w oth power power hand tools and household mach, init"
neural-net,systemic,Other abnormalities of gait and mobility
zero tolerance,executive,"Congenital malformation of great arteries, unspecified"
web-enabled,Reverse-engineered,"Nondisp pilon fx r tibia, 7thJ"
asynchronous,Programmable,"Path fx in neopltc dis, unsp site, subs for fx w routn heal"
needs-based,encompassing,Unspecified superficial injury of unspecified finger
complexity,impactful,"Disp fx of coronoid pro of unsp ulna, 7thD"
24/7,executive,Corrosion of unspecified degree of left lower leg
value-added,foreground,Disorders of vagus nerve
Front-line,Assimilated,Acute mastoiditis with other complications
static,De-engineered,Other localized visual field defect
matrices,well-modulated,Other specified injury of blood vessel of left thumb
dedicated,needs-based,Vomiting
initiative,installation,"Mtrcy driver injured in clsn w statnry object nontraf, init"
alliance,secondary,"Unspecified fracture of unspecified pubis, sequela"
implementation,encompassing,Primary blast injury of lung
Synchronised,initiative,"Driver of military vehicle injured in traf, sequela"
framework,content-based,"Other specified bursopathies, other site"
Synergized,asynchronous,Hypothyroidism due to meds and oth exogenous substances
Phased,software,"Disp fx of l ulna styloid pro, 7thE"
Cloned,Realigned,"Disloc of distal interphaln joint of r mid finger, sequela"
Distributed,Distributed,"Synovial cyst of popliteal space [Baker], right knee"
customer loyalty,object-oriented,Other problems related to social environment
local,Intuitive,Craniosynostosis
adapter,migration,"Poisn by unsp primarily systemic and hematolog agent, acc"
regional,contextually-based,"Corrosion of third degree back of unspecified hand, sequela"
access,Assimilated,"External constriction of left elbow, sequela"
policy,encryption,"Poisoning by antiviral drugs, accidental, init"
migration,background,Asplenia (congenital)
local area network,firmware,"Oth physl fx low end ulna, r arm, subs for fx w routn heal"
Right-sized,next generation,Cutaneous leishmaniasis
Public-key,reciprocal,Other acquired pure red cell aplasias
Persevering,info-mediaries,"Cutaneous abscess of trunk, unspecified"
dynamic,interactive,Histiocytic and mast cell tumors of uncertain behavior
encompassing,systemic,"Legal intervnt involving bayonet, suspect injured, sequela"
Total,mission-critical,"Bennett's fracture, right hand, subs for fx w malunion"
next generation,Total,"Follicular lymphoma grade IIIa, spleen"
national,Digitized,"Disp fx of lateral condyle of left tibia, init for clos fx"
Proactive,Front-line,Corrosions of oth parts of unspecified eye and adnexa
infrastructure,Re-engineered,"Poisoning by vitamins, accidental (unintentional), init"
Virtual,array,"Oth fx low end r femr, subs for opn fx type I/2 w routn heal"
firmware,fault-tolerant,"Occupant of rail trn/veh injured in unsp railway acc, subs"
Synergized,Advanced,Other late congenital neurosyphilis
Persistent,frame,"Age-rel osteopor w crnt path fx, r humer, 7thG"
toolset,De-engineered,"Corros first deg mult left fingers (nail), not inc thumb"
standardization,access,Measles complicated by meningitis
incremental,5th generation,Nondisplaced segmental fracture of shaft of right tibia
projection,responsive,"Disloc of l acromioclav jt, 100%-200% displacmnt, sequela"
maximized,Switchable,"Blister of right eyelid and periocular area, init"
internet solution,open architecture,"Traumatic arthropathy, multiple sites"
background,directional,"Superficial foreign body, right knee"
Integrated,Inverse,"Labor and del comp by oth cord entangle, w/o comprsn, fts1"
global,encompassing,Presence of other functional implants
hardware,internet solution,Unsp injury of unspecified blood vessel at forearm level
Distributed,Inverse,"Toxic effect of venom of other venomous lizard, undetermined"
implementation,hardware,"Breakdown of int fix of bones of hand and fingers, sequela"
Business-focused,portal,"Anterior dislocation of right humerus, subsequent encounter"
actuating,core,"Kaschin-Beck disease, shoulder"
Inverse,fault-tolerant,Animl-ridr or occ of anml-drn veh inj in clsn w 2/3-whl mv
Pre-emptive,toolset,Malignant neoplasm of overlapping sites of tongue
monitoring,fresh-thinking,"Disp fx of intermed cuneiform of unsp ft, 7thK"
matrices,reciprocal,"Laceration of adductor musc/fasc/tend left thigh, init"
protocol,Persevering,"Prph tear of medial mensc, current injury, unsp knee, subs"
paradigm,heuristic,Corrosion of unsp deg mult sites of left wrist and hand
client-driven,methodology,"Disp fx of mid 3rd of navic bone of l wrs, 7thK"
emulation,methodical,"Obstructed labor due to malpos and malpresent, unsp, unsp"
throughput,tangible,Family history of malignant neoplasm of genital organs
data-warehouse,knowledge base,"Partial traum amp at level betw l shoulder and elbow, init"
Automated,User-friendly,"Puncture wound with foreign body of vocal cord, subs encntr"
Profit-focused,migration,"Burn of first degree of unspecified elbow, initial encounter"
foreground,forecast,"Adhesive middle ear disease, bilateral"
Persistent,knowledge user,"Oth specific arthropathies, not elsewhere classified, elbow"
upward-trending,Vision-oriented,Adult pulmonary Langerhans cell histiocytosis
orchestration,Focused,"Smith's fracture of unsp radius, subs for clos fx w nonunion"
parallelism,info-mediaries,"Unsp inj unsp musc/fasc/tend at forarm lv, left arm, init"
Universal,Ameliorated,"Other specified injury of brachial artery, left side"
reciprocal,multi-tasking,"Toxic effect of unsp organic solvent, self-harm, subs"
solution,coherent,"Twin preg, unable to dtrm num plcnta & amnio sacs, 2nd tri"
well-modulated,Re-contextualized,Inj intrinsic musc/fasc/tend finger at wrist and hand level
Fundamental,definition,"Unsp fracture of sternum, subs for fx w delay heal"
executive,Profound,"Unsp injury of musc/fasc/tend triceps, unsp arm"
framework,Synergistic,Accidental handgun malfunction
methodology,Implemented,Narcissistic personality disorder
fault-tolerant,systematic,"Maternal care for fetal problem, unsp, third trimester, unsp"
Cross-platform,actuating,"Inj muscle, fascia and tendon of right hip, init encntr"
3rd generation,emulation,"Oth fx shaft of unsp femr, 7thQ"
approach,reciprocal,"Prsn outsd 3-whl mv inj in clsn w statnry obj in traf, init"
multimedia,context-sensitive,"Lacerat unsp musc/tend at lower leg level, unsp leg, subs"
demand-driven,Automated,"Disp fx of third metatarsal bone, right foot, init"
Upgradable,6th generation,"Superficial foreign body of lip, sequela"
Operative,optimizing,"Arcus senilis, unspecified eye"
systemic,system engine,Unspecified open wound of left buttock
info-mediaries,Re-engineered,"Burn of third degree of unspecified ear, sequela"
moderator,dynamic,"Infective myositis, right thigh"
complexity,global,"Blister (nonthermal) of left middle finger, subs encntr"
Face to face,executive,"Partial traumatic amputation of right midfoot, init encntr"
Robust,context-sensitive,"Unsp injury of musc/fasc/tend at wrs/hnd lv, left hand, init"
Progressive,hub,"Stress fracture, right ankle"
synergy,focus group,Subluxation of tarsal joint of left foot
Organized,even-keeled,"Preterm premature ROM, onset labor > 24 hours fol rupture"
attitude-oriented,attitude-oriented,"Oth transitory neonatal disorders of thyroid function, NEC"
interactive,De-engineered,"Drown due to oth accident to water-skis, subs"
productivity,national,"Superficial foreign body of left hand, subsequent encounter"
Advanced,focus group,"Varus deformity, not elsewhere classified, right ankle"
Networked,Profit-focused,"Nondisp midcervical fx l femr, 7thM"
artificial intelligence,project,"Glaucoma secondary to drugs, bilateral, mild stage"
moratorium,Distributed,Transient acquired pure red cell aplasia
eco-centric,Configurable,"Car driver injured pick-up truck, pk-up/van in traf"
Managed,circuit,"Injury of left uterine vein, initial encounter"
dynamic,web-enabled,"Secondary corneal edema, left eye"
regional,asymmetric,"Open bite of right little finger w/o damage to nail, sequela"
composite,Optional,"Disp fx of lateral condyle of right humerus, sequela"
Automated,Upgradable,"Stress fracture, left toe(s), subs for fx w delay heal"
contingency,scalable,Nondisp fx of lateral condyle of unspecified femur
Multi-layered,modular,"Foreign body on external eye, part unsp, left eye, subs"
zero tolerance,superstructure,Malignant neoplasm of other and unsp male genital organs
approach,archive,"Nondisp fx of dist phalanx of r rng fngr, 7thD"
Cloned,Cross-platform,"Maternal care for disproprtn due to other fetal deform, unsp"
Fundamental,policy,Sprain of unspecified sternoclavicular joint
Customer-focused,ability,"Poisoning by phenothiazine antipsychot/neurolept, self-harm"
5th generation,24/7,"External constriction of nose, initial encounter"
open system,product,"Jump/div from boat striking bottom causing drown, init"
forecast,intranet,Nonrheumatic tricuspid (valve) stenosis with insufficiency
Total,concept,"Underdosing of oth antipsychotics and neuroleptics, init"
ability,archive,"Person outside car injured in clsn w car nontraf, sequela"
Organic,hierarchy,"Other family member, perpetrator of maltreatment and neglect"
Polarised,Persistent,"Oth fx upper end unsp radius, subs for clos fx w routn heal"
Front-line,infrastructure,"Unspecified enthesopathy, lower limb, excluding foot"
Multi-layered,Versatile,"Primary iridocyclitis, unspecified eye"
Multi-layered,internet solution,"Nondisplaced intraarticular fracture of r calcaneus, sequela"
Enhanced,client-server,"Unsp pedl cyclst injured in clsn w unsp mv nontraf, sequela"
Triple-buffered,non-volatile,Superficial frostbite of right ankle
human-resource,Optional,"Crushing injury of right middle finger, initial encounter"
Compatible,bifurcated,"Unsp injury of right quadriceps muscle, fascia and tendon"
middleware,Universal,"Sltr-haris Type I physl fx low end r tibia, 7thP"
Synchronised,archive,"Unsp soft tissue disord related to use/pressure, left thigh"
Open-architected,neural-net,"Fx unsp part of neck of r femur, init for opn fx type I/2"
knowledge base,Proactive,Anomalies of tooth position of fully erupted tooth or teeth
Team-oriented,time-frame,"Oth fx upper end of left ulna, init for opn fx type I/2"
maximized,methodology,"Unsp comp of anesthesia during pregnancy, unsp trimester"
internet solution,Enhanced,"Oth incomplete lesion at C8, sequela"
Secured,Devolved,"Unspecified open wound of unspecified upper arm, init encntr"
Adaptive,Fundamental,"Nondisp fx of med phalanx of l mid fngr, 7thP"
artificial intelligence,standardization,Driver of bus injured in collision w unsp mv in traf
upward-trending,explicit,Unspecified superficial injury of left thumb
service-desk,hybrid,"Displaced intertroch fx l femur, init for opn fx type 3A/B/C"
zero defect,Reverse-engineered,Somatoform disorders
heuristic,Stand-alone,Crushing injury of unspecified toe(s)
matrices,Down-sized,"Occup of oth sp off-rd mv injured in traffic accident, init"
matrix,implementation,"Inj unsp blood vess at hip and thigh level, right leg, init"
Stand-alone,Realigned,Nondisplaced comminuted fracture of shaft of unsp tibia
capacity,Triple-buffered,Laceration w foreign body of unsp thumb w/o damage to nail
emulation,secondary,Athscl nonbiological bypass of the right leg w ulceration
optimizing,budgetary management,"Unsp pedl cyclst injured in collision w hv veh in traf, subs"
tertiary,Switchable,"Open bite of r frnt wl of thorax w penet thor cavity, init"
empowering,intranet,"Oth fx upr end unsp rad, subs for opn fx type I/2 w malunion"
Customer-focused,didactic,Open bite of unspecified great toe without damage to nail
transitional,multi-state,"Unspecified injury of right hip, subsequent encounter"
homogeneous,Upgradable,Rheumatoid lung disease w rheumatoid arthritis of unsp knee
complexity,Grass-roots,"Oth injury of left external jugular vein, init encntr"
heuristic,Networked,"Unsp fx upper end unsp radius, subs for clos fx w malunion"
framework,local area network,"Osteopathy in diseases classified elsewhere, left lower leg"
Decentralized,software,Partial traumatic amputation of right hand at wrist level
mobile,methodology,"I/I react d/t implanted penile prosthesis, initial encounter"
neutral,Team-oriented,"Blister (nonthermal), right lesser toe(s), subs encntr"
holistic,analyzing,"Lacerat long flexor musc/fasc/tend l thm at wrs/hnd lv, sqla"
Multi-lateral,logistical,"Unspecified superficial injury of right foot, subs encntr"
Polarised,Stand-alone,"Oth osteopor w crnt path fx, l low leg, 7thD"
executive,groupware,"Dislocation of unspecified scapula, subsequent encounter"
Graphic Interface,directional,Gastric contents in esophagus causing compression of trachea
responsive,synergy,Underdosing of mixed antiepileptics
model,analyzing,"Myelitis, unspecified"
modular,Organized,"Nondisp fx of r tibial spine, subs for clos fx w malunion"
moderator,non-volatile,Burn due to watercraft on fire
Organized,Mandatory,"Maternal care for hydrops fetalis, unsp trimester, fetus 1"
grid-enabled,global,"Open bite of low back and pelvis w penet retroperiton, init"
instruction set,scalable,Encounter for adjustment and management of implanted device
circuit,Compatible,"Poisoning by smallpox vaccines, assault"
Up-sized,Graphic Interface,Abrasion of left elbow
multi-tasking,exuding,"Poisoning by oth antidysrhythmic drugs, self-harm, subs"
Vision-oriented,Polarised,Ovarian dysfunction
Mandatory,artificial intelligence,"Toxic effect of glycols, undetermined, initial encounter"
Centralized,Grass-roots,Epigastric abdominal tenderness
access,info-mediaries,Sprain of calcaneofibular ligament of left ankle
Networked,Reactive,"Pathological fracture, pelvis, init encntr for fracture"
secured line,Open-source,Alternating esotropia with other noncomitancies
circuit,infrastructure,"Occ of rail trn/veh injured due to oth railway acc, sequela"
Down-sized,contextually-based,Speech/lang deficits following oth cerebrovascular disease
open architecture,Down-sized,"Decreased fetal movements, third trimester, fetus 3"
concept,web-enabled,Other specified complications of labor and delivery
multi-tasking,even-keeled,"Underdosing of antimycobacterial drugs, initial encounter"
bandwidth-monitored,analyzing,"Open bite of left index finger w/o damage to nail, sequela"
asymmetric,process improvement,"Corrosion of first degree of right upper arm, subs encntr"
Devolved,utilisation,Spontaneous rupture of other tendons
Expanded,incremental,"Suprvsn of preg w poor reprodctv or obstet hx, third tri"
Open-source,task-force,"Disp fx of trapezium, unsp wrist, init for opn fx"
client-server,task-force,"Other superficial bite of abdominal wall, subs encntr"
Vision-oriented,4th generation,Ainhum
logistical,bottom-line,"Unsp injury of musc/fasc/tend unsp hip, sequela"
Grass-roots,hub,"Poisoning by unsp antidepressants, assault, init encntr"
Synergistic,Organic,"External constriction of part of breast, unsp breast, subs"
maximized,Phased,"Unspecified injury of right middle and inner ear, sequela"
methodology,concept,"Displ artic fx head of unsp femr, 7thG"
Innovative,maximized,"Spontaneous rupture of other tendons, right lower leg"
Open-source,web-enabled,"Ped on foot injured in collision w 2/3-whl mv, unsp, subs"
optimal,Fully-configurable,"Partial traumatic amp of unsp hand at wrist level, init"
Versatile,Multi-tiered,"Unsp fx upper end unsp radius, init for opn fx type 3A/B/C"
explicit,radical,Encntr for proc for purposes oth than remedying health state
internet solution,tangible,"Burn of first degree of right lower leg, sequela"
encompassing,national,"Nondisp fx of post wall of l acetab, subs for fx w nonunion"
Organic,Enhanced,"Oth neoplm of uncrt behav of lymphoid, hematpoetc & rel tiss"
foreground,bi-directional,Plasmodium malariae malaria
Versatile,Persistent,"Unsp mtrcy rider injured in clsn w ped/anml nontraf, sequela"
24/7,Advanced,"Nondisp avuls fx (chip fracture) of l talus, init for opn fx"
superstructure,Cloned,Nondisplaced transverse fracture of shaft of left radius
mobile,Versatile,"Unspecified sprain of left ring finger, subsequent encounter"
Switchable,circuit,"Driver of pk-up/van inj in clsn w nonmtr veh nontraf, sqla"
analyzing,methodology,"Nondisp suprcndl fx w intrcndl extn low end r femr, 7thN"
Public-key,throughput,"Other water transport accident, sequela"
superstructure,fault-tolerant,"Unsp intracap fx left femur, init for opn fx type I/2"
24/7,systemic,"Laceration of axillary artery, unspecified side, sequela"
global,benchmark,"Toxic effect of contact w oth venomous animals, undetermined"
composite,Phased,Diuretics and oth and unsp drug/meds/biol subst
knowledge user,collaboration,"Primary open-angle glaucoma, left eye, indeterminate stage"
Expanded,algorithm,"Driver of hv veh inj pk-up truck, pk-up/van nontraf, sequela"
system engine,process improvement,"Other superficial bite of right thigh, sequela"
mobile,asymmetric,Fourth degree perineal laceration during delivery
knowledge base,bifurcated,Carcinoma in situ of right bronchus and lung
bandwidth-monitored,Stand-alone,"Poisoning by unsp antipsychot/neurolept, accidental"
customer loyalty,exuding,"Unsp fx upr end l rad, 7thR"
Graphical User Interface,actuating,"Burn of first degree of right wrist, initial encounter"
tertiary,Universal,"Nondisp oblique fx shaft of unsp fibula, 7thH"
Focused,actuating,"Poisoning by diagnostic agents, undetermined"
concept,Sharable,Bitten by parrot
foreground,hub,"Subluxation of left scapula, subsequent encounter"
contextually-based,architecture,"Unspecified noninfective disorders of pinna, left ear"
Multi-channelled,system-worthy,"Other hypertrophic osteoarthropathy, left ankle and foot"
interactive,maximized,Maxillary hyperplasia
Monitored,Self-enabling,"Mech compl of intraocular lens, initial encounter"
hierarchy,intermediate,"Open bite of r frnt wl of thorax w penet thor cavity, subs"
toolset,Distributed,"Disp fx of lateral malleolus of unsp fibula, 7thE"
Phased,exuding,"Female pelvic peritonitis, unspecified"
Re-contextualized,Polarised,Unspecified abnormal findings in urine
methodology,Automated,"Unsp injury of vein at forearm level, right arm, sequela"
actuating,impactful,Other superficial bite of elbow
encoding,process improvement,"Oth osteoporosis w current pathological fracture, r low leg"
Persevering,contingency,"Visual discomfort, bilateral"
Organic,framework,"Corrosion of third degree of unspecified palm, sequela"
Persevering,zero tolerance,"Nondisplaced pilon fracture of left tibia, init for clos fx"
De-engineered,upward-trending,"Burn of unspecified degree of right ankle, initial encounter"
interactive,structure,"Open bite of right little finger w damage to nail, subs"
mission-critical,global,Other physeal fracture of right metatarsal
Customizable,systemic,"Infective myositis, unspecified ankle"
interface,reciprocal,"Toxic effect of hydrogen sulfide, self-harm, init"
Organic,parallelism,Hallervorden-Spatz disease
Synergized,zero defect,"Echinococcus granulosus infection, thyroid gland"
user-facing,encoding,"Other specified crystal arthropathies, right hip"
moderator,encompassing,"Adverse effect of nonsteroidal anti-inflammatory drugs, subs"
De-engineered,Distributed,Heat exposure on board fishing boat
approach,local,"Acute pancreatitis, unspecified"
asymmetric,didactic,"Nondisplaced oth extrartic fracture of left calcaneus, init"
Monitored,optimizing,Lateral subluxation of unspecified ulnohumeral joint
full-range,Ergonomic,Unspecified disorder of binocular movement
Switchable,Networked,"Congenital malformation of kidney, unspecified"
Expanded,5th generation,"Path fx in oth disease, l femur, subs for fx w nonunion"
exuding,Reduced,"Injury of femoral nrv at hip and thigh level, left leg, init"
next generation,Open-source,Nodular prostate without lower urinary tract symptoms
actuating,structure,"Poisn by cephalospor/oth beta-lactm antibiot, assault, subs"
Total,architecture,Adverse effect of vitamins
open architecture,task-force,"Inj muscle, fascia and tendon of oth prt biceps, left arm"
even-keeled,eco-centric,"Age-rel osteopor w crnt path fx, r humer, 7thK"
incremental,groupware,"External constriction of unsp parts of thorax, sequela"
Cross-group,encoding,"Fx unsp phalanx of r little finger, subs for fx w malunion"
policy,paradigm,"Kearns-Sayre syndrome, left eye"
Vision-oriented,Advanced,Porphyria cutanea tarda
Reactive,Ergonomic,Benign intracranial hypertension
budgetary management,Business-focused,"Occ of stcar injured in derail w/o antecedent clsn, init"
Decentralized,forecast,"Nondisp commnt fx unsp patella, subs for clos fx w nonunion"
even-keeled,Sharable,"Matern care for known or susp placntl insuff, 1st tri, fts1"
secondary,Compatible,"Laceration without foreign body of left forearm, subs encntr"
website,Versatile,Salter-Harris Type II physeal fracture of lower end of femur
database,Persistent,"Disp fx of coracoid process, unsp shoulder, init for opn fx"
Open-architected,encoding,"Displ seg fx shaft of unsp tibia, 7thM"
hub,Devolved,"Displ suprcndl fx w/o intrcndl extn low end r femr, 7thH"
focus group,fault-tolerant,"Cystic meniscus, anterior horn of lat mensc, right knee"
Face to face,functionalities,"Pathological fracture in other disease, right femur, sequela"
eco-centric,De-engineered,"Unsp dislocation of unsp ulnohumeral joint, subs encntr"
flexibility,Profound,"Other physeal fracture of right metatarsal, 7thD"
model,Customizable,"Leakage of cardiac and vascular devices and implnt, sequela"
Grass-roots,next generation,Fracture of greater trochanter of femur
zero administration,Programmable,Diphyllobothriasis
Monitored,Implemented,"Struck by other fish, subsequent encounter"
web-enabled,open architecture,Crushing injury of thigh
local,infrastructure,Leakage of unspecified vascular graft
holistic,adapter,"Adhes due to fb acc left in body fol inject or immuniz, init"
pricing structure,client-server,Cervical disc disorder with myelopathy
array,Universal,Otorrhea
process improvement,Enhanced,"Stable burst fx fourth thor vert, subs for fx w delay heal"
strategy,motivating,Lac w/o fb of back wall of thorax w/o penet thoracic cavity
Cloned,high-level,"Dissem chorioretin inflammation of posterior pole, bilateral"
empowering,Organized,"Disp fx of post wall of r acetab, subs for fx w routn heal"
local,system engine,Other congenital deformities of hip
Ameliorated,demand-driven,Newborn esophageal reflux
artificial intelligence,Self-enabling,"Puncture wound with foreign body of unsp shoulder, sequela"
even-keeled,foreground,"Unsp inj unsp blood vess at wrs/hnd lv of left arm, sequela"
Assimilated,migration,"Unspecified superficial injury of right thumb, init encntr"
Decentralized,logistical,"Primary blast injury of unsp part of sm int, sequela"
Optional,Switchable,"Drown due to fall/jump fr crushed water-skis, subs"
Ameliorated,actuating,"Thrombosis due to cardiac prosth dev/grft, subs"
secondary,analyzer,"Driver of bus injured in clsn w rail trn/veh nontraf, init"
optimizing,Public-key,"Oth specific arthropathies, NEC, right hand"
application,directional,Oth psychoactv sub depend w w/drawal w perceptl disturb
Inverse,Phased,"Displ bimalleol fx unsp low leg, 7thG"
Enterprise-wide,incremental,Personal history of diabetic foot ulcer
paradigm,directional,"Sltr-haris Type IV physl fx upr end l tibia, 7thG"
Stand-alone,24 hour,"Oth psychoactive substance abuse w intoxication, uncomp"
Multi-lateral,Reduced,"Expsr to oth furniture fire due to burning cigarette, init"
support,Reactive,"Burn unsp deg mult sites of left lower limb, ex ank/ft, subs"
24 hour,systematic,"Maternal care for oth fetal problems, unsp tri, fetus 4"
Synergistic,Triple-buffered,Other subluxation of left foot
Adaptive,multimedia,"Nondisp avulsion fracture of left ilium, init for opn fx"
neutral,Robust,Contact with other nonvenomous reptiles
Synergized,Secured,Primary occlusal trauma
transitional,paradigm,"Wedge compression fracture of T11-T12 vertebra, sequela"
policy,Switchable,"Other sprain of left shoulder joint, initial encounter"
Mandatory,Intuitive,"Displacement of implnt elec nstim, generator"
model,secondary,"Disloc of metacarpal (bone), proximal end of left hand, subs"
service-desk,Quality-focused,"Sltr-haris Type III physl fx lower end ulna, unsp arm, init"
customer loyalty,system-worthy,"Disp fx of posterior wall of left acetabulum, init"
Pre-emptive,coherent,"Unspecified injury of left lower leg, initial encounter"
zero administration,Devolved,"Nondisp commnt fx unsp patella, 7thD"
well-modulated,budgetary management,Abuse of laxatives
Devolved,Grass-roots,"Unspecified epiphora, bilateral lacrimal glands"
global,emulation,"Subluxation of midcarpal joint of right wrist, subs encntr"
Synchronised,Vision-oriented,"Pre-exist hyp heart and chr kidney dis comp preg, first tri"
Multi-channelled,maximized,Occlusion and stenosis of middle cerebral artery
Assimilated,optimal,"Panuveitis, unspecified eye"
methodology,Vision-oriented,"Adverse effect of vaccines and biolg substances, sequela"
challenge,moratorium,Underdosing of unsp hormones and synthetic substitutes
static,Team-oriented,"Unspecified acute noninfective otitis externa, left ear"
Multi-channelled,approach,"Sltr-haris Type IV physeal fx unspecified calcaneus, init"
Balanced,standardization,Myogenic ptosis of left eyelid
moratorium,emulation,"Glaucoma secondary to oth eye disord, unsp eye, stage unsp"
object-oriented,process improvement,"Prolonged stay in weightless environment, sequela"
task-force,artificial intelligence,"Osteophyte, unspecified shoulder"
Synchronised,attitude-oriented,"Quad preg, unsp num plcnta & amnio sacs, third trimester"
Vision-oriented,User-friendly,Drug/chem diabetes mellitus w oth complications
Focused,mobile,Other complications of anesthesia
customer loyalty,toolset,"Nondisp fx of medial condyle of unsp humer, init for opn fx"
Future-proofed,tangible,"Other specified disorders of synovium, right ankle and foot"
leading edge,Pre-emptive,Toxic epidermal necrolysis [Lyell]
Pre-emptive,multimedia,"Fracture of unsp metatarsal bone(s), unsp foot, sequela"
leading edge,protocol,"Nondisp fx of body of hamate bone, unsp wrs, 7thD"
high-level,system-worthy,"Poisoning by hemostatic drug, undetermined, init encntr"
Multi-lateral,Optional,"Wedge comprsn fx unsp lum vertebra, subs for fx w delay heal"
projection,internet solution,Pnctr w/o foreign body of r mid finger w/o damage to nail
flexibility,24 hour,"Toxic effect of tobacco cigarettes, assault"
hierarchy,Multi-channelled,"Disp fx of dist pole of navic bone of r wrs, 7thD"
User-centric,Triple-buffered,Malignant neoplasm of connective and soft tissue of pelvis
functionalities,Customizable,Occup of hv veh injured in collision w pedal cycle in traf
Grass-roots,array,"Oth fx head/neck of l femr, 7thH"
foreground,intermediate,"Puncture wound w foreign body of unsp upper arm, subs encntr"
hybrid,optimal,Insect bite (nonvenomous) of abdominal wall
Operative,Operative,"Nondisp dome fracture of right acetabulum, init for opn fx"
Visionary,Organic,"Calcium deposit in bursa, unspecified wrist"
installation,intranet,"Corrosion of third degree of unspecified thigh, subs encntr"
customer loyalty,object-oriented,Unsp intracranial injury w LOC of 30 minutes or less
needs-based,homogeneous,"Unsp injury of musc/fasc/tend prt biceps, right arm"
cohesive,Customer-focused,Pnctr w fb of unsp front wall of thorax w penet thor cavity
Expanded,productivity,"Unsp lagophthalmos unspecified eye, unspecified eyelid"
Compatible,Stand-alone,"Displ transverse fx shaft of unsp rad, 7thM"
Cross-platform,multi-tasking,"Displacement of insulin pump, initial encounter"
software,matrices,"Unsp injury of muscle, fascia and tendon of unsp hip, init"
success,internet solution,"Laceration with foreign body, unspecified foot"
Synergized,well-modulated,Drug/chem diabetes mellitus w ketoacidosis w/o coma
application,real-time,"Activity, unspecified"
Universal,attitude,"Nondisp oblique fx shaft of unsp rad, 7thN"
user-facing,productivity,Unstable burst fracture of fifth lumbar vertebra
Function-based,initiative,Excessive interocclusal distance of fully erupted teeth
Public-key,zero tolerance,Non-prs chronic ulcer oth prt right foot w necros muscle
neural-net,object-oriented,"Unsp opn wnd unsp external genital organs, female, subs"
Stand-alone,Exclusive,"Breakdown of prosth dev/implnt/grft of genitl trct, subs"
emulation,functionalities,"Fall on board sailboat, subsequent encounter"
hybrid,Programmable,"Toxic effect of venom of other snake, intentional self-harm"
migration,frame,"Puncture wound w/o foreign body of unsp buttock, subs encntr"
capacity,productivity,Other deformities of toe(s) (acquired)
Realigned,protocol,"Displ midcervical fx l femr, 7thQ"
Multi-lateral,Synchronised,"Unspecified open wound of right elbow, sequela"
database,circuit,"Food in oth prt resp tract causing asphyxiation, sequela"
architecture,Advanced,"Lac w/o fb of unsp front wall of thrx w penet thor cav, subs"
explicit,Optimized,"Burn of first degree of right ankle, initial encounter"
maximized,Multi-channelled,"Nondisp spiral fracture of shaft of right tibia, sequela"
systemic,adapter,"Laceration of musc/fasc/tend right hip, sequela"
Fundamental,focus group,"Poisn by unsp prim systemic and hematolog agent, undet, init"
Ergonomic,circuit,"Other bursitis, not elsewhere classified, elbow"
responsive,intranet,"Toxic effect of venom of hornets, self-harm, init"
migration,Customizable,"Displacement of breast prosthesis and implant, subs encntr"
open architecture,encompassing,Acute sphenoidal sinusitis
national,fault-tolerant,"Nondisplaced intertrochanteric fracture of right femur, init"
analyzer,contextually-based,"Insect bite (nonvenomous) of right upper arm, sequela"
forecast,Sharable,Athscl nonbiol bypass of the left leg w ulcer oth prt foot
Synergistic,moratorium,Oth and unsp malignant neoplasm skin/ and unsp parts of face
24/7,internet solution,"Nondisp fx of ant wall of r acetab, subs for fx w delay heal"
modular,discrete,Burn of second degree of multiple sites of ankle and foot
national,Seamless,"Arthropathies in oth diseases classified elsewhere, elbow"
success,Synergistic,"Unsp fx low end l femr, 7thJ"
Profit-focused,Operative,"Chondromalacia, joints of unspecified hand"
bifurcated,dynamic,"Crush betw oth pwr wtrcrft & oth wtrcrft/obj d/t clsn, sqla"
Extended,interactive,"Fall from gliding-type pedestrian conveyance, init encntr"
core,mobile,"Oth fracture of right lesser toe(s), subs for fx w nonunion"
responsive,standardization,"Disp fx of base of 3rd MC bone, l hand, 7thP"
methodical,framework,"Other injury of ascending [right] colon, sequela"
Vision-oriented,open system,"Diverticular disease of intest, part unsp, w/o perf or abscs"
methodology,Fundamental,"Unsp fx head of l femr, 7thN"
throughput,Managed,"Disp fx of lateral condyle of unsp humer, 7thP"
system engine,Cloned,"Subluxation of T4/T5 thoracic vertebra, sequela"
parallelism,Cross-group,"Adverse effect of unsp antieplptc and sed-hypntc drugs, subs"
policy,groupware,"Nondisp fx of cuboid bone of r foot, subs for fx w nonunion"
Team-oriented,secondary,"Toxic eff of fluorine gas and hydrogen fluoride, undet, init"
matrix,workforce,"External constriction, left great toe, initial encounter"
access,Compatible,Basal cell carcinoma of skin of breast
User-friendly,capacity,"Periprosth fx around unsp internal prosth joint, sequela"
support,Customer-focused,"Nondisp fx of first metatarsal bone, unsp foot, init"
needs-based,homogeneous,"Nexdtve age-related mclr degn, right eye, stage unspecified"
Enhanced,content-based,"Superficial foreign body of unsp shoulder, init encntr"
Multi-tiered,Reduced,"Unilateral primary osteoarthritis, left hip"
actuating,complexity,"Child physical abuse, confirmed, sequela"
Graphic Interface,global,"Other specified bursopathies, unspecified knee"
Advanced,Implemented,Moderate laceration of body of pancreas
solution,Assimilated,Localized edema
Open-source,Decentralized,"Occup of pk-up/van injured in clsn w pedl cyc in traf, init"
Implemented,methodical,"Toxic effect of unsp organic solvent, accidental, init"
data-warehouse,alliance,Other disorders of brain
Graphic Interface,Digitized,"Newborn small for gestational age, 1250-1499 grams"
Configurable,maximized,"Burn 3rd deg mu sites of unsp lower limb, ex ank/ft, init"
user-facing,Quality-focused,"Nondisp commnt fx shaft of r tibia, init for opn fx type I/2"
service-desk,static,Disorders of refraction and accommodation
model,Pre-emptive,"Pulmonary blastomycosis, unspecified"
Public-key,instruction set,"Strain of musc/fasc/tend at thigh level, right thigh, init"
info-mediaries,Expanded,"Pnctr w/o fb of unsp toe(s) w damage to nail, sequela"
needs-based,budgetary management,Superficial foreign body of breast
budgetary management,Mandatory,"Choroidal degeneration, unspecified, unspecified eye"
Self-enabling,groupware,"Unspecified injury of popliteal vein, left leg, subs encntr"
Exclusive,impactful,"Burn of unsp deg mult sites of unsp wrist and hand, subs"
needs-based,neural-net,Frostbite with tissue necrosis of left ear
support,Face to face,"Adverse effect of unspecified anesthetic, subs encntr"
holistic,complexity,Pnctr w foreign body of pharynx and cervical esophagus
Automated,Triple-buffered,"Open bite of oral cavity, subsequent encounter"
focus group,non-volatile,"Drug-induced chronic gout, right ankle and foot, w/o tophus"
policy,maximized,"Non-Hodgkin lymphoma, unsp, nodes of head, face, and neck"
Object-based,didactic,"Insect bite (nonvenomous), right thigh, subsequent encounter"
stable,attitude-oriented,Complications of reattached (part of) left lower extremity
Ameliorated,bandwidth-monitored,Torsion of testis
Compatible,monitoring,"Underdosing of MAO inhib antidepressants, subs"
even-keeled,Versatile,Burn of first degree of ankle and foot
heuristic,Universal,"Unspecified sprain of right shoulder joint, sequela"
Visionary,groupware,"Disp fx of medial wall of left acetabulum, init for clos fx"
flexibility,Balanced,"Nondisp unsp condyle fx lower end of right femur, init"
non-volatile,Cloned,Skeletal fluorosis
toolset,Down-sized,"Intermittent monocular esotropia, right eye"
transitional,Robust,"Milt op involving explosion of aerial bomb, milt, sequela"
attitude-oriented,Enhanced,"Passenger of dune buggy injured in nontraffic accident, subs"
impactful,algorithm,"Unsp fracture of unsp forearm, subs for clos fx w routn heal"
time-frame,Total,"Poisoning by, adverse effect of and underdosing of enzymes"
next generation,benchmark,"Displaced comminuted fracture of shaft of humerus, unsp arm"
archive,Automated,"Mixed cellular Hodgkin lymph, extrnod and solid organ sites"
hardware,Multi-lateral,Occupant of streetcar injured in collisn/hit by roll stok
Open-architected,model,"Disloc of proximal interphaln joint of unsp finger, sequela"
Open-architected,extranet,Military operations involving explosion of marine mine
Visionary,systemic,"Pressr ulcer of contig site of back, buttock and hip, stg 3"
application,Future-proofed,"Major laceration of right internal jugular vein, init encntr"
policy,emulation,Other sprain of right elbow
policy,Multi-lateral,Occup of pk-up/van injured in nonclsn trnsp accident nontraf
systemic,forecast,"Inj oth muscles and tendons at ank/ft level, unsp foot, init"
policy,stable,"Fx unsp prt of nk of r femr, 7thR"
paradigm,Implemented,"External constriction of left ear, sequela"
budgetary management,Automated,Displaced lateral mass fracture of first cervical vertebra
even-keeled,pricing structure,"Laceration of superfic vn at shldr/up arm, right arm, subs"
policy,transitional,"Oth fracture of unsp acetabulum, init for clos fx"
reciprocal,User-centric,"Person outside hv veh inj in nonclsn trnsp acc nontraf, subs"
Reverse-engineered,system-worthy,"Prsn outsd pk-up/van inj in clsn w rail trn/veh in traf,init"
intermediate,dedicated,"Other abnormal auditory perceptions, bilateral"
model,Ameliorated,"Nondisp suprcndl fx w/o intrcndl extn low end l femr, 7thM"
Reactive,Visionary,"Adverse effect of unsp nonopi analgs/antipyr/antirheu, subs"
interface,productivity,"Laceration with foreign body of larynx, subsequent encounter"
Right-sized,website,"Ganglion, unspecified knee"
Integrated,background,"Burn of unspecified degree of unspecified foot, init encntr"
Operative,Right-sized,Salter-Harris Type II physeal fracture of phalanx of toe
zero tolerance,workforce,"Slipping, tripping and stumbling w/o falling, unsp, init"
Re-engineered,Seamless,Other air leak
knowledge user,methodology,"Partial traumatic amputation of left forearm, level unsp"
internet solution,project,Hyposplenism
Adaptive,Persistent,"Sprain of joints and ligaments of oth prt neck, init encntr"
Exclusive,User-friendly,"Nondisp oth fx tuberosity of unsp calcaneus, 7thG"
Optional,local area network,"Quad preg w two or more monoamnio fetuses, third trimester"
migration,middleware,"Sltr-haris Type II physl fx low end rad, unsp arm, 7thG"
value-added,background,"Disp fx of glenoid cav of scapula, unsp shldr, 7thP"
algorithm,open system,Unspecified dislocation of left index finger
Configurable,Reduced,Cerebral infarction due to thrombosis of precerb arteries
attitude,Profound,Displaced articular fracture of head of right femur
homogeneous,analyzing,Open bite of left ring finger without damage to nail
coherent,matrix,"Poisoning by, adverse effect of and underdosing of aspirin"
core,Realigned,Peroneal tendinitis
Versatile,superstructure,"Ped w convey inj pick-up truck, pk-up/van in traf, sequela"
User-friendly,Down-sized,Unsp place in oth non-institutional residence as place
alliance,Pre-emptive,"Strain extensor musc/fasc/tend r idx fngr at forarm lv, subs"
Versatile,encompassing,"Inj blood vessel of left little finger, subs encntr"
system engine,needs-based,"Chronic gout due to renal impairment, unsp knee, w/o tophus"
Customizable,matrices,"Episodic tension-type headache, not intractable"
Versatile,instruction set,Gastric contents in pharynx causing asphyxiation
Versatile,task-force,Milt op involving chemical weapons and oth unconvtl warfare
Optimized,moratorium,Central pterygium of right eye
approach,secured line,"Sprain of interphalangeal joint of unsp toe(s), init encntr"
Cross-platform,standardization,"Disp fx of l ulna styloid pro, subs for clos fx w nonunion"
Enterprise-wide,Universal,"Unspecified sprain of right foot, sequela"
Mandatory,conglomeration,"Blister (nonthermal) of unspecified hand, initial encounter"
Polarised,flexibility,"Paralytic calcifcn and ossification of muscle, right hand"
framework,actuating,"Gastric contents in larynx causing asphyxiation, sequela"
Decentralized,incremental,Other gastritis with bleeding
pricing structure,global,"Displ avuls fx (chip fracture) of r talus, 7thP"
Optimized,methodology,"Rheumatoid nodule, unspecified ankle and foot"
moratorium,even-keeled,"Blister (nonthermal) of right front wall of thorax, subs"
Innovative,function,"Traumatic arthropathy, left wrist"
optimal,bottom-line,"Traum rupt of collat ligmt of l idx fngr at MCP/IP jt, subs"
zero tolerance,attitude,Inhalant abuse with inhalant-induced dementia
5th generation,client-driven,"Drowning and submersion due to fall off water-skis, subs"
Seamless,eco-centric,Cloudy (hemodialysis) (peritoneal) dialysis effluent
executive,Future-proofed,"Person outside military vehicle injured in traf, sequela"
Robust,multimedia,"Burn of second degree of unspecified ankle, subs encntr"
Self-enabling,Optional,"Unsp inj great saphenous at lower leg level, right leg, init"
function,next generation,"Displacement of int fix of bones of foot and toes, sequela"
value-added,analyzer,"Peripheral corneal degeneration, unspecified eye"
User-centric,synergy,"Nondisp fx of lateral condyle of r tibia, 7thD"
application,workforce,"Unspecified dacryoadenitis, unspecified lacrimal gland"
throughput,flexibility,Nonpyogenic meningitis
Re-contextualized,asynchronous,Chronic neph syndrome w focal and seg glomerular lesions
4th generation,Ergonomic,Unsp school as the place of occurrence of the external cause
alliance,Implemented,"Nondisp fx of distal pole of navic bone of r wrist, sequela"
Compatible,Polarised,"Monteggia's fracture of unsp ulna, init for opn fx type I/2"
infrastructure,full-range,Cerebral infarction due to embolism of other cerebral artery
Configurable,impactful,"Unsp injury of radial artery at wrs/hnd lv of left arm, subs"
Business-focused,website,"Burn due to localized fire on board passenger vessel, init"
firmware,workforce,"Osteophyte, left wrist"
Universal,Face to face,Ectopic kidney
Balanced,Multi-tiered,"Fall on same level due to ice and snow, subsequent encounter"
bifurcated,Seamless,"Oth fx shaft of rad, unsp arm, 7thJ"
alliance,composite,"Poisoning by stimulant laxatives, undetermined, sequela"
Upgradable,User-centric,"Chr emblsm and thombos unsp deep veins of prox low extrm, bi"
grid-enabled,object-oriented,"Blister (nonthermal), left thigh"
throughput,upward-trending,"Strain extn musc/fasc/tend r idx fngr at wrs/hnd lv, sequela"
success,internet solution,"Oth fx upper end of unsp ulna, subs for clos fx w delay heal"
matrix,installation,Oth and unsp disord of breast assoc w preg and the puerp
multi-tasking,Networked,"Nondisplaced transverse fracture of shaft of left ulna, init"
productivity,Exclusive,Partial traumatic transphalangeal amputation of thumb
intangible,context-sensitive,"Inj cutan sensory nerve at ank/ft level, left leg, init"
Future-proofed,paradigm,"Disp fx of r ulna styloid pro, 7thQ"
analyzing,initiative,Frontal lobe and executive function deficit
leverage,directional,"Disp fx of epiphy (separation) (upper) of l femur, sequela"
application,definition,"Oth injury of unspecified tibial artery, left leg"
cohesive,protocol,"Corros unsp deg mult sites of shldr/up lmb, except wrs/hnd"
Polarised,Virtual,"Open bite, unspecified knee"
database,Multi-tiered,Congenital kyphosis
database,discrete,"Nondisp commnt fx shaft of unsp fibula, 7thB"
scalable,Expanded,"Pigmentary glaucoma, bilateral, severe stage"
alliance,Ergonomic,Congenital toxoplasmosis
Exclusive,ability,"Nondisp oblique fx shaft of r rad, 7thD"
function,Organized,"Minor laceration of unsp external jugular vein, subs encntr"
Reduced,Self-enabling,"Idiopathic chronic gout, unspecified elbow"
open architecture,zero defect,"Unsp fracture of r low leg, subs for clos fx w routn heal"
Stand-alone,Innovative,"Other forms of scoliosis, lumbar region"
Total,heuristic,Adverse effect of digestants
zero tolerance,Universal,"Unsp superficial injuries of breast, unsp breast, sequela"
Synergistic,product,"Major depressv disorder, recurrent, severe w psych symptoms"
Reverse-engineered,infrastructure,"Poisoning by antithyroid drugs, intentional self-harm, init"
methodical,directional,Contact with needle (sewing)
Enterprise-wide,clear-thinking,Malignant neoplasm of peripheral nerves of thorax
leverage,conglomeration,"Unsp fracture of unsp ischium, subs for fx w routn heal"
interface,Polarised,"Unsp open wound of unspecified part of thorax, subs encntr"
Centralized,optimal,"Toxic effect of fluorine gas and hydrogen fluoride, assault"
contextually-based,demand-driven,"Disp fx of post column of r acetab, subs for fx w delay heal"
grid-enabled,intranet,"Prsn brd/alit a car injured in clsn w nonmtr vehicle, subs"
Managed,actuating,"Burn of 3rd deg mu sites of unsp ankle and foot, sequela"
Graphical User Interface,foreground,Contus/lac/hem crblm w LOC of 30 minutes or less
Public-key,scalable,"Anaplastic large cell lymphoma, ALK-neg, intrathorac nodes"
non-volatile,access,"Other specified injuries of abdomen, initial encounter"
encompassing,policy,"Lateral dislocation of left patella, subsequent encounter"
Synergistic,multimedia,"Hit by falling object due to accident to canoe/kayk, sequela"
Future-proofed,project,"Fall from, out of or through building, not otherwise spcf"
frame,coherent,"Complete traumatic amp of two or more left lesser toes, init"
Stand-alone,Polarised,Avulsion fracture of ischium
bifurcated,executive,"Nondisplaced spiral fracture of shaft of left femur, sequela"
open architecture,initiative,"Unspecified sprain of unspecified elbow, sequela"
migration,full-range,"Unsp fracture of T9-T10 vertebra, init for clos fx"
capacity,Enhanced,"Exposure to melting of oth clothing and apparel, subs encntr"
dynamic,protocol,Other private fixed-wing aircraft fire injuring occupant
systemic,knowledge base,"Unsp subluxation of left ulnohumeral joint, subs encntr"
knowledge base,Customer-focused,"Fall from gliding-type pedestrian conveyance, init encntr"
intermediate,Stand-alone,Sequelae of leprosy
value-added,local,Acute apical periodontitis of pulpal origin
solution,workforce,"Corrosion of third degree of buttock, subsequent encounter"
task-force,circuit,"Nondisp intertroch fx unsp femr, 7thM"
Switchable,Organic,"Strain of unsp musc/fasc/tend at wrs/hnd lv, unsp hand, init"
Universal,moratorium,External constriction of left hand
Balanced,Business-focused,"Corros 1st deg mult site of r shldr/up lmb, ex wrs/hnd, init"
matrix,core,"Toxic effect of manganese and its compounds, undet, sequela"
Synergistic,methodical,"Unsp traum nondisp spondylolysis of 5th cervcal vert, 7thK"
framework,Multi-channelled,"Displ bicondylar fx unsp tibia, subs for clos fx w nonunion"
software,software,"Nondisp spiral fx shaft of ulna, l arm, 7thJ"
human-resource,Synergized,"Displ pilon fx unsp tibia, 7thM"
Integrated,process improvement,"Nondisp fx of med condyle of unsp tibia, 7thB"
context-sensitive,Re-contextualized,"Other foreign object in larynx causing other injury, sequela"
multi-state,orchestration,"Oth osteoporosis w current pathological fracture, ank/ft"
intermediate,Customizable,"Fracture of unsp phalanx of right little finger, sequela"
optimal,Multi-channelled,"Malignant neoplasm of lower respiratory tract, part unsp"
secured line,asymmetric,"Burn of third degree of left upper arm, initial encounter"
internet solution,Robust,"Laceration of unsp tibial artery, right leg, init encntr"
high-level,Implemented,"Pingueculitis, unspecified eye"
hardware,portal,"Disp fx of olecran pro w/o intartic extn unsp ulna, sequela"
ability,synergy,"Inj extn musc/fasc/tend l little finger at forarm lv, init"
customer loyalty,matrices,"Poisoning by unsp antieplptc and sed-hypntc drugs, undet"
eco-centric,Synchronised,"Pathological fracture in other disease, ankle and foot"
Streamlined,Realigned,"Incomplete atypical femoral fracture, right leg, 7thK"
Centralized,Monitored,"Prsn brd/alit pk-up/van injured in nonclsn trnsp acc, subs"
methodical,firmware,"Sedatv/hyp/anxiolytc use, unsp w w/drawal w perceptl disturb"
directional,Customizable,Malignant neoplasm of other and unsp male genital organs
synergy,archive,"Disp fx of fifth metatarsal bone, left foot, init"
architecture,composite,"Superficial frostbite of left finger(s), initial encounter"
exuding,maximized,"Contus/lac r cereb w LOC w dth d/t brain inj bf consc, init"
concept,zero tolerance,"Accidental kick by another person, initial encounter"
Enterprise-wide,structure,"Nondisp transverse fx shaft of r rad, 7thD"
composite,pricing structure,"Corros 3rd deg mu sites of shldr/up lmb, except wrs/hnd"
workforce,Vision-oriented,Osteoarthritis of first carpometacarpal joint
toolset,implementation,Dissection of unspecified artery
Profit-focused,multimedia,"Other physeal fracture of upper end of left fibula, sequela"
implementation,monitoring,"Poisoning by, adverse effect of and underdosing of laxatives"
directional,radical,"Unsp dislocation of unsp ulnohumeral joint, init encntr"
24/7,solution-oriented,"Oth superfic bite of unsp extrn genital organs, female, init"
regional,moderator,Prosth/oth implnt/mtrls ob/gyn devices assoc w incdt
bifurcated,Organized,Fall from scooter (nonmotorized)
access,Multi-tiered,"Lead-induced chronic gout, left hand, without tophus (tophi)"
portal,matrices,Nondisplaced Zone II fracture of sacrum
Open-architected,Synergistic,"Preterm labor third tri w preterm del third tri, fetus 3"
Automated,dynamic,"Unspecified injury of left renal artery, sequela"
infrastructure,leading edge,"Car pasngr injured in clsn w rail trn/veh nontraf, sequela"
Total,function,"Recurrent subluxation of patella, unspecified knee"
neutral,exuding,"Obturator subluxation of unspecified hip, initial encounter"
Optional,fault-tolerant,Accidental malfunction from other and unsp firearms and guns
high-level,Triple-buffered,"Exposure to flames in uncontrolled fire, not in bldg, init"
Extended,hierarchy,"Oth intartic fx lower end left rad, init for opn fx type I/2"
customer loyalty,Centralized,"Path fx in oth disease, r fibula, subs for fx w delay heal"
object-oriented,success,Garden or yard of mobile home as place
customer loyalty,process improvement,Newborn affected by chorioamnionitis
Synchronised,Seamless,"Fall from babystroller, subsequent encounter"
contextually-based,radical,"Underdosing of antipruritics, sequela"
high-level,local,"Diffuse TBI w loss of consciousness of 1-5 hrs 59 min, subs"
Open-architected,archive,Unspecified open wound of penis
Re-engineered,leverage,"Other juvenile arthritis, left knee"
contingency,User-friendly,"Sltr-haris Type I physeal fracture of right metatarsal, 7thB"
Progressive,demand-driven,"Path fracture in neoplastic disease, right tibia, sequela"
User-centric,policy,"Greenstick fx shaft of rad, r arm, subs for fx w routn heal"
access,User-centric,"Hematoma of pinna, right ear"
database,real-time,Other superficial bite of shoulder
Open-source,instruction set,"Other specified injury of femoral artery, unspecified leg"
instruction set,foreground,"Assault by unspecified larger firearm discharge, init encntr"
Optimized,Balanced,"Behavioral insomnia of childhood, limit setting type"
contextually-based,Assimilated,"Chronic gout due to renal impairment, knee"
interactive,open architecture,"Driver of special construct vehicle injured nontraf, sequela"
Profound,portal,Wegener's granulomatosis
tangible,hierarchy,"Crushing inj unsp part(s) of unsp wrist, hand and fingers"
Implemented,bi-directional,"Female pseudohermaphroditism, not elsewhere classified"
Sharable,Virtual,"Laceration without foreign body of nose, initial encounter"
intangible,Switchable,Dining room in mobile home as place
regional,success,"Person outsd pk-up/van inj in clsn w ped/anml in traf, subs"
global,neutral,"Disp fx of lateral malleolus of l fibula, 7thN"
Robust,archive,"Bent bone of right ulna, init encntr for closed fracture"
Stand-alone,Switchable,"Minimally displaced Zone III fx sacrum, init for opn fx"
secondary,secured line,"Pnctr w/o fb of l idx fngr w/o damage to nail, sequela"
service-desk,stable,"Corrosion of third degree of unspecified forearm, sequela"
secured line,global,"Vertigo from infrasound, sequela"
intangible,Intuitive,Obst due to fb acc left in body fol injection or immuniz
transitional,Team-oriented,"Conjunctival pigmentations, bilateral"
artificial intelligence,intermediate,Lacerat extensor musc/fasc/tend r little finger at forarm lv
full-range,superstructure,"Poisn by unsp agents prim act on the resp sys, slf-hrm, sqla"
encoding,composite,"Adverse effect of expectorants, initial encounter"
architecture,productivity,"Drown due to being washed overboard from fishing boat, subs"
Profound,discrete,"Disp fx of anterior process of unsp calcaneus, sequela"
context-sensitive,Vision-oriented,"Toxic liver disease with hepatitis, not elsewhere classified"
Switchable,Innovative,Encounter for screening for oth suspected endocrine disorder
Automated,contingency,"Otosclerosis w oval window, nonobliterative, right ear"
Public-key,alliance,"Nondisp assoc transv/post fx r acetab, 7thD"
Cloned,Open-architected,"Osteonecrosis due to previous trauma, pelvis and femur"
emulation,concept,"Other superficial bite of scrotum and testes, sequela"
foreground,Innovative,"Villonodular synovitis (pigmented), left ankle and foot"
upward-trending,internet solution,"Unsp injury of superficial palmar arch of left hand, init"
capacity,De-engineered,Occ of anml-drn vehicle injured in clsn w statnry object
concept,grid-enabled,"Exposure to welding light (arc), sequela"
monitoring,Quality-focused,"Toxic effect of other mycotoxin food contaminants, assault"
Fundamental,Seamless,Oth injury of greater saphenous vein at lower leg level
bifurcated,hub,Labyrinthine dysfunction
capacity,policy,Unspecified nondisp fx of surgical neck of right humerus
strategy,ability,"Primary open-angle glaucoma, left eye"
open architecture,interface,"Toxic effect of unspecified pesticide, assault"
knowledge base,neutral,Bursitis of hand
User-centric,paradigm,Struck by falling object on sailboat
Pre-emptive,3rd generation,Double pterygium of left eye
time-frame,bifurcated,"Milt op w chem weapons and oth unconvtl warfare, milt, subs"
matrix,support,"Term delivery with preterm labor, third trimester"
homogeneous,flexibility,"Unsp injury of superficial palmar arch of unsp hand, sequela"
Expanded,Synergized,Moderate persistent asthma with (acute) exacerbation
Multi-layered,solution,Varicose veins of r low extrem w ulc and inflammation
Polarised,circuit,"Milt op involving biological weapons, military personnel"
3rd generation,budgetary management,Mucolipidosis IV
multi-tasking,24 hour,"Injury of ulnar nerve at wrs/hnd lv of right arm, init"
logistical,portal,"Bitten by other hoof stock, sequela"
utilisation,model,Stevens-Johnson syndrome
Mandatory,empowering,Phlebitis and thombophlb of deep vessels of r low extrem
upward-trending,Intuitive,"Traumatic rupture of cervical intervertebral disc, sequela"
upward-trending,methodology,"Injury of femoral nrv at hip and thigh level, unsp leg, init"
Optional,superstructure,"Spontaneous rupture of other tendons, other"
Ameliorated,mission-critical,"Pedl cyc driver injured in collision w hv veh nontraf, init"
Seamless,model,"Nondisp transverse fx r patella, init for opn fx type I/2"
Managed,Ergonomic,Congenital absence of right hand and finger
utilisation,composite,"Abn radlgc find on dx imaging of renal pelv,ureter,or blddr"
Multi-lateral,Multi-tiered,"Hyperparathyroidism, unspecified"
mobile,budgetary management,"Anaphylactic reaction due to other fish, initial encounter"
6th generation,object-oriented,"Traumatic rupture of right radial collat ligament, sequela"
standardization,Secured,"Other contact with other mammals, subsequent encounter"
client-driven,collaboration,Hypersecretion of calcitonin
Open-source,Managed,"Fistula, right hand"
framework,Monitored,"Type III traum spondylolysis of sixth cervcal vert, 7thK"
Centralized,intangible,Counseling for family member of drug abuser
attitude-oriented,Re-engineered,"Unsp fx low end unsp femr, 7thF"
User-friendly,Innovative,"Unsp traum nondisp spondylolysis of 7th cervcal vert, 7thK"
toolset,3rd generation,"Other benign neoplasm of skin of eyelid, including canthus"
model,grid-enabled,"Preterm labor w preterm delivery, unsp trimester, oth fetus"
monitoring,Triple-buffered,"Nondisp fx of shaft of unsp clavicle, subs for fx w malunion"
human-resource,bi-directional,"Poisoning by MAO inhib antidepressants, accidental, sequela"
value-added,analyzer,"Other specified disorders of synovium and tendon, hand"
Graphical User Interface,local,Symptomatic hemophilia A carrier
bandwidth-monitored,implementation,"Corros first deg of shldr/up lmb, ex wrs/hnd unsp site, subs"
explicit,focus group,"Other superficial bite of unspecified knee, sequela"
Synergized,background,"Poisoning by iron and its compounds, accidental, sequela"
system engine,Compatible,"Insect bite (nonvenomous), left hip, sequela"
non-volatile,migration,"Exudative age-rel mclr degn, right eye, stage unspecified"
workforce,24/7,"Injury of peritoneum, subsequent encounter"
Expanded,6th generation,"Food in esophagus causing other injury, initial encounter"
Balanced,optimal,Disp fx (avulsion) of lateral epicondyle of unsp humerus
moderator,Future-proofed,"Displaced transverse fracture of right patella, sequela"
toolset,homogeneous,"Allergy status, oth than to drugs and biological substances"
Virtual,open architecture,"Nondisp fx of coronoid pro of r ulna, 7thC"
ability,contingency,Corrosion of cornea and conjunctival sac
Switchable,Right-sized,"Strain extn/abdr musc/fasc/tend of r thm at forarm lv, init"
Operative,3rd generation,"Stress fracture, left ankle, initial encounter for fracture"
Graphical User Interface,multi-state,Mtrcy driver injured in collision w nonmtr vehicle nontraf
installation,24 hour,Sltr-haris Type II physeal fracture of upper end of r fibula
frame,policy,"Disp fx of lateral end of left clavicle, init for clos fx"
coherent,discrete,"Adverse effect of antacids and anti-gstrc-sec drugs, init"
Seamless,multi-tasking,"Nondisp fx of base of MC bone, subs for fx w malunion"
process improvement,Fully-configurable,"Unspecified subluxation of right radial head, init encntr"
Extended,workforce,Other specified cardiac arrhythmias
Pre-emptive,firmware,"Fracture of alveolus of left mandible, 7thD"
Organized,Grass-roots,"Unspecified disorder of vestibular function, unspecified ear"
Pre-emptive,artificial intelligence,"Nondisp transcondy fx l humerus, subs for fx w routn heal"
Devolved,contingency,"Corrosion of first degree of right axilla, sequela"
value-added,needs-based,"Other specified dorsopathies, lumbar region"
Extended,secondary,"Unsp physeal fracture of upper end of left tibia, init"
Cross-group,artificial intelligence,"Passenger in hv veh injured pick-up truck, pk-up/van nontraf"
impactful,fresh-thinking,"External constriction of right little finger, subs encntr"
implementation,Self-enabling,"Poisoning by oth fibrin-affct drugs, accidental, subs"
5th generation,implementation,"Person injured wh brd/alit from oth sp off-rd mv, subs"
monitoring,Vision-oriented,"Poisn by antimalari/drugs acting on bld protzoa, self-harm"
Cross-platform,Universal,Personal history of other medical treatment
approach,system-worthy,Monoplg upr lmb fol ntrm subarach hemor aff right dom side
support,composite,"Other injury of thoracic trachea, sequela"
transitional,Synergistic,"Displ oblique fx shaft of l fibula, 7thC"
complexity,function,Corrosion of first degree of right foot
superstructure,Focused,Cysticercosis of other sites
Sharable,installation,Insect bite (nonvenomous) of scrotum and testes
discrete,Focused,"Burn of unsp degree of unspecified thumb (nail), sequela"
Cross-group,Synergized,Other specified item causing external constriction
migration,knowledge base,"Oth item causing external constriction, subs encntr"
hardware,standardization,"Other juvenile osteochondrosis, hand"
Reduced,matrix,"Nondisp transverse fx shaft of l tibia, 7thM"
access,system-worthy,"Pnctr w foreign body of unsp finger w damage to nail, subs"
analyzer,didactic,"Unstable burst fx T9-T10 vertebra, subs for fx w routn heal"
Organic,Synergized,Patient's intentional underdosing of medication regimen
User-centric,Future-proofed,Pruritus
Ameliorated,content-based,"Unsp subluxation of unsp ulnohumeral joint, subs encntr"
complexity,Reduced,"Inj oth blood vessels of thorax, left side, sequela"
bifurcated,secondary,"Toxic effect of glycols, accidental (unintentional), sequela"
client-server,actuating,"Underdosing of unspecified topical agent, subs encntr"
middleware,web-enabled,Intercostal pain
matrices,projection,"External constriction of unsp parts of thorax, init encntr"
object-oriented,model,"Central cord syndrome at C4, subs"
executive,Quality-focused,"Disp fx of fourth metatarsal bone, unspecified foot"
Synergistic,mission-critical,Personal history of congenital malform of dgstv sys
6th generation,Centralized,Osteonecrosis due to previous trauma of left ulna
Future-proofed,secured line,"Unsp comp of anesthesia during pregnancy, unsp trimester"
hybrid,zero defect,Ejaculatory dysfunction
interface,archive,"Poisoning by expectorants, accidental (unintentional), init"
Fully-configurable,extranet,"Disp fx of base of third metacarpal bone, right hand, init"
User-centric,actuating,"Unsp inj musc/tend posterior grp at low leg level, left leg"
real-time,Customer-focused,"Struck by other sports foot wear, sequela"
software,asynchronous,Unspecified injury of blood vessel of left index finger
directional,bifurcated,Frostbite with tissue necrosis of foot
database,local area network,"Fistula, knee"
Configurable,access,"Nondisp fx of med malleolus of r tibia, 7thQ"
Profound,structure,"Poisoning by unsp agents aff the GI sys, undetermined, subs"
transitional,Implemented,Rheu arthrit w rheu factor of left ank/ft w/o org/sys involv
Synergized,Advanced,"Poisoning by sulfonamides, accidental (unintentional)"
dynamic,ability,"Unsp fracture of right forearm, subs for clos fx w malunion"
incremental,orchestration,Calculus of bile duct w/o cholangitis or cholecyst w obst
global,clear-thinking,"Abrasion of right upper arm, initial encounter"
implementation,Front-line,Car passenger injured in collision w statnry object nontraf
reciprocal,system-worthy,Hallucinogen dependence w hallucinogen-induced mood disorder
Graphic Interface,Phased,"Fx oth prt scapula, unsp shoulder, subs for fx w malunion"
Multi-tiered,context-sensitive,"Disp fx of medial epicondyle of r humerus, sequela"
Distributed,Monitored,"Unsp comp of fb acc left in body fol surgical op, sequela"
strategy,algorithm,Interstitial cystitis (chronic) without hematuria
maximized,Organized,Miliary tuberculosis
initiative,responsive,"Nondisp fx of proximal phalanx of unsp great toe, sequela"
info-mediaries,Persevering,"Intracranial (nontraumatic) hemorrhage of newborn, unsp"
implementation,Networked,"Unsp superficial injury of lower back and pelvis, subs"
Ergonomic,array,"Oth nondisp fx of 7th cervcal vert, subs for fx w nonunion"
Optimized,Down-sized,"Unspecified superficial injury of right foot, sequela"
hardware,Expanded,Underdosing of unspecified antidepressants
focus group,local area network,"Chondromalacia, joints of right hand"
Team-oriented,structure,"Nondisp fx of ant wall of l acetab, subs for fx w nonunion"
User-friendly,infrastructure,"Unsp physeal fx lower end radius, right arm, sequela"
info-mediaries,exuding,Syphilis of lung and bronchus
Sharable,Function-based,"Nondisp dome fx left acetabulum, subs for fx w nonunion"
Future-proofed,Front-line,Oth psychoactive substance abuse w sleep disorder
encompassing,database,Pneumonia due to other staphylococcus
User-centric,Open-source,"Disorder of pituitary gland, unspecified"
flexibility,uniform,"Juvenile osteochondrosis of radius and ulna, unspecified arm"
Universal,demand-driven,Other non-follicular lymphoma
high-level,structure,"Occupant of stcar injured in collisn/hit by roll stok, init"
interactive,Progressive,"Other congenital anemias, not elsewhere classified"
Monitored,website,"Postauricular fistula, left ear"
Public-key,Business-focused,"Chronic ischemic heart disease, unspecified"
Seamless,Expanded,Corrosion of third degree of right thumb (nail)
fault-tolerant,Self-enabling,"Other parachutist accident, sequela"
Ergonomic,synergy,"Injury of medial plantar nerve, unspecified leg, init encntr"
Monitored,success,"Exudative age-rel mclr degn, bi, with actv chrdl neovas"
explicit,Persevering,Salter-Harris Type I physeal fracture of calcaneus
holistic,multi-tasking,"Unsp physeal fracture of lower end of ulna, unspecified arm"
Secured,Automated,"Medial sublux of proximal end of tibia, right knee, sequela"
matrices,implementation,Dislocation of metatarsophalangeal joint of unsp great toe
logistical,function,"Corrosion of first degree of right hand, unsp site, sequela"
throughput,zero administration,Problems related to education and literacy
Up-sized,core,"Heat syncope, sequela"
dynamic,fresh-thinking,"Torus fx upper end of l humerus, subs for fx w nonunion"
eco-centric,actuating,"Oth fx shaft of left femur, subs for clos fx w malunion"
Diverse,bifurcated,"Traum rupt of collat ligmt of unsp finger at MCP/IP jt, sqla"
pricing structure,intangible,"Unsp fx upper end of r radius, init for opn fx type 3A/B/C"
Graphical User Interface,Persevering,Other diseases of esophagus
Pre-emptive,matrix,"Osteonecrosis due to drugs, unspecified humerus"
Networked,protocol,"Nondisp transverse fx unsp patella, 7thG"
Enterprise-wide,Persistent,"Underdosing of primarily systemic and hematolog agents, subs"
Stand-alone,moratorium,"Corneal ulcer with hypopyon, unspecified eye"
holistic,secured line,"Nondisp dome fracture of right talus, subs for fx w nonunion"
extranet,structure,"Other assault by drowning and submersion, sequela"
Fundamental,secondary,Acute myeloid leukemia with multilineage dysplasia
Versatile,service-desk,"Nondisp fx of intermed cuneiform of l foot, init for opn fx"
transitional,Multi-lateral,"Type III traum spondylolysis of 3rd cervcal vert, 7thG"
disintermediate,Fully-configurable,Other vitreous opacities
Multi-tiered,success,Corrosion of unspecified degree of scapular region
knowledge user,migration,"Laceration of unsp msl/tnd at ank/ft level, right foot, subs"
coherent,Organized,"Unsp inj unsp blood vess at shldr/up arm, right arm, sequela"
matrices,holistic,"Unsp athscl unsp type bypass of the extremities, left leg"
customer loyalty,Versatile,"Exposure to smoke, fire and flames, undet intent, subs"
Quality-focused,motivating,"Unsp fx the low end left rad, subs for clos fx w routn heal"
multimedia,analyzing,"Nondisp avulsion fx left ilium, subs for fx w routn heal"
Seamless,Progressive,Personal history of in-situ neoplasm
regional,static,"Corneal ulcer with hypopyon, right eye"
Stand-alone,neutral,"Nondisp seg fx shaft of r tibia, 7thF"
multimedia,complexity,Crushing injury of left hip
product,mission-critical,"Unspecified injury of peroneal artery, left leg, subs encntr"
6th generation,Triple-buffered,"Condctv hear loss, uni, left ear, w unrestr hear cntra side"
standardization,leverage,"Person outside hv veh inj in clsn w 2/3-whl mv in traf, subs"
circuit,tangible,Other seborrheic keratosis
productivity,high-level,"Oth mult gest,unab to dtrm num plcnta & amnio sacs, unsp tri"
encryption,Extended,"Underdosing of antimalari/drugs acting on bld protzoa, subs"
system engine,mobile,"Lacerat msl/fasc/tnd post grp at thi lev, right thigh, init"
utilisation,24/7,"Poisoning by diagnostic agents, accidental (unintentional)"
Public-key,Organized,Cocaine dependence with unspecified cocaine-induced disorder
workforce,asymmetric,Toxoplasmosis with other organ involvement
analyzer,Proactive,"Intcran inj w LOC w death due to brain injury bf consc, subs"
local,orchestration,"Corrosion of internal genitourinary organs, subs encntr"
Optimized,Graphical User Interface,"Nondisp fx of lateral condyle of unsp femr, 7thP"
Reverse-engineered,methodology,"Complete traumatic amputation of left foot, level unsp, init"
eco-centric,incremental,"Stress fracture, right shoulder, subs for fx w nonunion"
Self-enabling,intangible,"Other rupture of muscle (nontraumatic), right thigh"
Cross-group,De-engineered,"Nondisp bimalleol fx l low leg, 7thN"
content-based,archive,"Term delivery with preterm labor, unsp trimester, fetus 2"
Sharable,hardware,"Lacerat unsp blood vessel at shldr/up arm, right arm, subs"
Horizontal,projection,Nodules of vocal cords
background,benchmark,"Asphyxiation due to being trapped in bed linens, self-harm"
local area network,Object-based,"Lead-induced gout, unspecified elbow"
Realigned,moderator,"Chalazion left eye, unspecified eyelid"
Proactive,superstructure,Occlusion and stenosis of left middle cerebral artery
Total,secondary,Mechanical ptosis of right eyelid
logistical,Exclusive,Partial traumatic MCP amputation of right thumb
Re-engineered,Configurable,"Pressure ulcer of left upper back, unspecified stage"
encryption,Sharable,"Puncture wound with foreign body, right thigh, init encntr"
Multi-layered,Switchable,"Serous detachment of retinal pigment epithelium, bilateral"
Extended,local,Encounter for fit/adjst of partial artificial leg
Triple-buffered,Optimized,Displ suprcndl fracture w intrcndl extn lower end of r femur
Persevering,systematic,Unspecified open wound of toe without damage to nail
collaboration,content-based,Embedded and impacted teeth
Ameliorated,Visionary,"Unsp fracture of left femur, subs for clos fx w routn heal"
Re-engineered,Assimilated,"Dislocation of metacarpal (bone), proximal end of right hand"
Extended,interface,Struck by parrot
throughput,Pre-emptive,"Open bite of abd wall, right upper q w penet perit cav, sqla"
