id,phone_number,name,email
1,111-342-8577,Dynabox,gpennicard0@angelfire.com
2,914-655-4799,Youspan,mromanin1@wunderground.com
3,130-280-9547,Buzzshare,wbaily2@usnews.com
4,815-462-5141,Rhynyx,baxtens3@flickr.com
5,919-521-8241,Gabvine,dnewlyn4@t.co
6,277-465-4834,Realcube,mbreward5@alibaba.com
7,377-554-5815,Fiveclub,dedworthye6@earthlink.net
8,984-493-6322,Flashset,lhamp7@hc360.com
9,151-538-8268,Cogidoo,asorbey8@addthis.com
10,398-962-2714,Gabtype,meastbury9@buzzfeed.com
11,251-208-0960,Meemm,gunitta@samsung.com
12,520-162-0518,Edgewire,dlowtherb@loc.gov
13,888-591-7197,Twitterwire,msergeanc@usda.gov
14,315-683-7887,Bubbletube,shaywardd@wikipedia.org
15,981-467-5913,Skimia,jcobbee@delicious.com
16,966-591-3486,Agimba,eolczakf@oaic.gov.au
17,405-372-4291,Skynoodle,pkilculleng@jugem.jp
18,476-119-4212,Voonix,everickh@cnn.com
19,341-267-6740,Skippad,tsoughtoni@storify.com
20,564-174-9708,Yabox,igaskerj@etsy.com
21,401-790-4728,Mydeo,kheinlek@hp.com
22,794-664-1536,Buzzshare,prostronl@irs.gov
23,953-433-1385,Voolith,arenfrewm@intel.com
24,405-931-9064,Leenti,mblackebyn@fda.gov
25,391-320-9744,Topicstorm,pscado@berkeley.edu
26,661-780-2928,Tagopia,dmobbsp@biglobe.ne.jp
27,244-831-3619,Miboo,bwaplingtonq@meetup.com
28,502-425-1941,Realbuzz,gbabbidger@ebay.com
29,185-956-2679,Roodel,jneubiggings@tamu.edu
30,321-833-8991,Photolist,jpreistt@so-net.ne.jp
31,242-613-0000,Dabshots,hpengilleyu@w3.org
32,457-970-3742,Livetube,lghilardiniv@arstechnica.com
33,418-890-4456,Divavu,bspaldinw@geocities.com
34,353-492-3963,Jamia,emattinx@friendfeed.com
35,808-938-1933,Voolia,ghardwayy@over-blog.com
36,905-433-7758,Edgewire,amossbeez@51.la
37,628-100-1972,Brainbox,bmacgettigen10@blogger.com
38,436-150-5341,Flipbug,cdeporte11@bbb.org
39,945-719-4173,Jazzy,gmachan12@webmd.com
40,668-591-0925,Yadel,jcurrin13@paypal.com
41,164-468-6125,Realfire,ranchor14@bing.com
42,228-838-2390,Realcube,parchbould15@slate.com
43,587-332-1907,Meeveo,hgoricke16@newyorker.com
44,858-687-6379,Eazzy,dskells17@dyndns.org
45,568-834-1591,Youbridge,oedmondson18@wisc.edu
46,217-285-7822,Zoomzone,jdaton19@bigcartel.com
47,441-319-2166,Browsezoom,amethingam1a@google.nl
48,625-201-7354,Eare,lcutmare1b@mozilla.com
49,790-617-7402,Meedoo,esemorad1c@wisc.edu
50,425-193-2734,Fatz,ldurham1d@miibeian.gov.cn
51,619-635-5341,Eazzy,lyantsev1e@jigsy.com
52,752-940-0635,Jabbercube,wcready1f@ning.com
53,564-336-9283,Zoonoodle,ycoil1g@linkedin.com
54,717-924-6671,Realbridge,jlamprey1h@newyorker.com
55,590-790-7012,Oodoo,obutrimovich1i@unicef.org
56,181-830-9727,Photojam,grumbellow1j@amazon.de
57,522-621-2022,Livetube,alarratt1k@mtv.com
58,791-405-3481,Realblab,wdace1l@comcast.net
59,568-349-6837,Eidel,bschapiro1m@trellian.com
60,313-340-4272,Kwideo,kandrich1n@apple.com
61,943-419-9316,Gabvine,dpyett1o@lulu.com
62,537-803-7035,Bluejam,mrivaland1p@un.org
63,918-862-0436,Zooxo,smcanellye1q@prnewswire.com
64,498-717-7083,Twitterbeat,mhibbart1r@about.me
65,674-479-9272,Yata,mmelbury1s@aol.com
66,407-787-8835,Skinte,rmoorcroft1t@goo.ne.jp
67,117-667-6774,Demizz,jlarking1u@virginia.edu
68,602-973-1847,Rhybox,lfeighry1v@wordpress.org
69,994-976-9161,Youfeed,hkenewel1w@angelfire.com
70,167-186-3270,Agimba,ktamburi1x@sina.com.cn
71,906-748-4291,Skippad,kyourell1y@webs.com
72,722-406-6702,Thoughtworks,iyegorkin1z@craigslist.org
73,646-443-3186,Browsebug,cgarrity20@so-net.ne.jp
74,772-353-5146,Yambee,apoxton21@rambler.ru
75,454-656-1646,Agivu,bdaenen22@fc2.com
76,863-635-8472,Gigazoom,mbrettor23@senate.gov
77,237-737-3308,Edgewire,ldumphrey24@barnesandnoble.com
78,723-306-5317,Bluejam,jsallan25@psu.edu
79,285-462-3086,Realblab,vphillcox26@google.co.jp
80,475-224-3572,Skivee,cmclaren27@ihg.com
81,498-593-0207,Jabberstorm,aandover28@seattletimes.com
82,474-812-5324,Myworks,rhayle29@earthlink.net
83,130-184-3632,Trudoo,ameasen2a@whitehouse.gov
84,788-410-4146,Skippad,smarti2b@devhub.com
85,170-823-3721,Trudeo,ocorker2c@cafepress.com
86,969-141-2065,Dabfeed,rmarchington2d@nhs.uk
87,956-627-8582,Skilith,swallace2e@forbes.com
88,798-587-5798,Yozio,renric2f@1und1.de
89,791-385-2772,Shufflester,zdemeza2g@yelp.com
90,524-509-4167,Thoughtmix,msolleme2h@angelfire.com
91,377-519-1551,Yakidoo,emerryfield2i@netlog.com
92,615-710-4844,Skajo,cheaseman2j@newyorker.com
93,606-703-9391,Plajo,wrisby2k@forbes.com
94,622-167-4439,Photobug,irames2l@google.pl
95,913-526-2283,Skynoodle,zmccullen2m@rediff.com
96,292-700-7498,Pixonyx,pclare2n@slideshare.net
97,446-492-0744,Youopia,bpetrasek2o@mac.com
98,482-823-7820,Voolith,ckeyworth2p@simplemachines.org
99,696-214-9674,Mudo,jmilne2q@discovery.com
100,353-660-5308,Thoughtblab,rbuckle2r@berkeley.edu
101,614-857-7017,Twinder,awhether2s@ocn.ne.jp
102,613-343-7995,Voolia,pgoslin2t@adobe.com
103,167-972-8674,Yakidoo,cbremond2u@example.com
104,430-206-8535,Jamia,blivezey2v@nasa.gov
105,964-584-6666,Eayo,cpeachment2w@google.com.au
106,929-243-5962,Jaxbean,tcossum2x@nhs.uk
107,258-382-0690,DabZ,ecastelluzzi2y@economist.com
108,200-651-4703,Bluejam,mroll2z@usgs.gov
109,525-359-4733,Photobean,jscolding30@squidoo.com
110,858-648-8498,Zooveo,mrodgier31@slate.com
111,677-693-3306,Feedfish,jrayne32@technorati.com
112,553-489-1973,Layo,jlendrem33@un.org
113,363-473-7354,Kayveo,kpizer34@telegraph.co.uk
114,441-651-0598,Browsebug,bferryn35@tripadvisor.com
115,220-490-2310,Avamm,dcorzor36@patch.com
116,454-795-6504,Aimbo,bboodle37@apple.com
117,871-359-6442,Midel,cballintyne38@nature.com
118,578-814-5524,Pixoboo,gdoggerell39@hexun.com
119,160-142-0123,Feedspan,hpresdee3a@google.com.au
120,185-788-7984,Voomm,knieass3b@reference.com
121,613-869-6583,Oozz,cgreenin3c@seattletimes.com
122,314-380-8785,Kare,gcandey3d@histats.com
123,638-162-1815,Wikido,dwetter3e@wunderground.com
124,633-724-3412,Twimbo,mbrougham3f@ox.ac.uk
125,242-110-0815,Zoomdog,fmalkin3g@yelp.com
126,587-768-5461,Twinte,wbedford3h@bing.com
127,670-245-5386,Omba,arooper3i@spotify.com
128,167-426-8559,Flipopia,nconnerly3j@sciencedirect.com
129,560-420-9063,Bubblemix,jaleswell3k@unicef.org
130,447-668-2672,Browsecat,lgilliat3l@blogspot.com
131,804-851-0252,Quatz,djeanin3m@canalblog.com
132,127-523-2755,Gigashots,wrycraft3n@w3.org
133,125-695-3811,Feedbug,gwrates3o@dedecms.com
134,640-492-0116,Tagpad,vlangwade3p@weather.com
135,154-317-4383,Twimbo,llittrell3q@weibo.com
136,718-716-0665,Skyble,gstaig3r@miitbeian.gov.cn
137,804-170-4376,Kwinu,ccoldridge3s@thetimes.co.uk
138,329-312-1146,Topicshots,jklebes3t@arstechnica.com
139,858-960-5564,Skalith,acousins3u@squarespace.com
140,604-578-1728,Brainverse,lsamart3v@cafepress.com
141,940-219-3370,Tanoodle,jdelisle3w@discovery.com
142,682-715-6570,Dabjam,ypeaker3x@npr.org
143,455-566-2937,Brightdog,wmcgiffin3y@hibu.com
144,296-943-6665,Livepath,vburges3z@themeforest.net
145,786-400-7148,Topdrive,kfurmage40@cpanel.net
146,294-232-1604,Realpoint,cdemoreno41@tiny.cc
147,284-416-1197,Buzzbean,jlonie42@nationalgeographic.com
148,253-930-4222,Zoonoodle,ldevonshire43@sitemeter.com
149,195-681-1010,Innojam,fsalkild44@wordpress.com
150,953-574-1384,Devshare,mengelmann45@examiner.com
151,738-861-3953,Meezzy,asissland46@squarespace.com
152,373-940-8349,Lazz,bseilmann47@constantcontact.com
153,721-894-1175,Twiyo,cwyley48@imdb.com
154,801-282-8477,Twitternation,cshackleton49@prnewswire.com
155,675-259-5778,Trunyx,ymoohan4a@webmd.com
156,511-554-6092,Buzzshare,hwickwar4b@printfriendly.com
157,824-124-9926,Kaymbo,jquinnelly4c@columbia.edu
158,796-375-7368,Flipstorm,fatlee4d@1und1.de
159,243-135-2818,Tagfeed,rhoppner4e@ow.ly
160,131-219-0833,Yoveo,btoplis4f@sfgate.com
161,248-939-8481,Photobug,kwoollard4g@miibeian.gov.cn
162,493-763-9700,Realbuzz,mmacalpyne4h@wunderground.com
163,413-718-5103,Browsecat,mchadwick4i@redcross.org
164,253-542-3358,Npath,afilliskirk4j@issuu.com
165,661-439-6365,Feedbug,blassetter4k@virginia.edu
166,637-919-3857,Digitube,gharbidge4l@addthis.com
167,877-700-8716,Edgepulse,sthaxter4m@addtoany.com
168,701-202-5339,Ainyx,brupert4n@businessweek.com
169,640-310-1235,Trilith,kmurdy4o@mail.ru
170,106-132-2808,Quimba,cmilan4p@godaddy.com
171,968-717-9891,Skalith,iparmiter4q@yahoo.com
172,409-630-4151,Dynazzy,glate4r@hibu.com
173,880-458-3894,Tagchat,achetter4s@uiuc.edu
174,332-703-7266,Eadel,mwooderson4t@ted.com
175,611-545-8708,Topicblab,dcarnegy4u@geocities.jp
176,951-806-0541,Zazio,bbutt4v@myspace.com
177,268-558-5344,Flipstorm,dwitcombe4w@apache.org
178,396-918-8177,Twitterbeat,jthurber4x@kickstarter.com
179,118-182-4378,Meejo,escotti4y@theguardian.com
180,400-147-7975,Skyba,jbanbrick4z@jiathis.com
181,372-225-3338,Janyx,tarnowicz50@linkedin.com
182,479-701-0969,Blognation,mlongley51@unc.edu
183,213-737-8293,Tazz,mblowes52@about.com
184,920-158-3310,Divavu,cpaulot53@apple.com
185,548-873-6483,Blogpad,kbarnshaw54@multiply.com
186,910-963-3590,Zooveo,hmeatyard55@qq.com
187,813-424-0172,Trilia,ppochet56@amazonaws.com
188,227-807-8609,Lazzy,foguz57@angelfire.com
189,263-693-1967,Trunyx,fslatcher58@usatoday.com
190,308-436-4293,Dynabox,vkingsley59@oakley.com
191,222-732-8072,Tanoodle,omacey5a@mlb.com
192,429-682-2323,Jayo,pgellier5b@w3.org
193,315-314-8436,Jabbercube,vhofton5c@wikipedia.org
194,409-200-4422,Innojam,gjones5d@mac.com
195,692-420-3076,Cogidoo,cbelfelt5e@woothemes.com
196,100-457-1293,Mynte,qpoate5f@google.com.au
197,741-893-9115,Skajo,ttraill5g@php.net
198,352-746-2542,Realbridge,cshurrock5h@abc.net.au
199,737-385-9939,Youspan,ebruckmann5i@w3.org
200,276-902-4878,Jabbertype,cgoodere5j@buzzfeed.com
201,277-841-3836,Voonte,dpriel5k@cnbc.com
202,451-841-8530,Flashspan,gorpin5l@networksolutions.com
203,431-722-1875,Quaxo,psinkins5m@mtv.com
204,198-189-3475,Ozu,bbaumler5n@purevolume.com
205,366-282-3304,Eire,aapedaile5o@vkontakte.ru
206,623-906-5032,Trilith,ndorward5p@pagesperso-orange.fr
207,997-331-1184,Skipstorm,ieddowes5q@hao123.com
208,368-748-4359,Topicblab,amaccree5r@cafepress.com
209,835-503-4255,Pixoboo,kyanshinov5s@hibu.com
210,171-699-1674,Dynabox,sludlam5t@zdnet.com
211,601-177-7199,Centizu,cbastistini5u@furl.net
212,166-675-9832,Meevee,agriffiths5v@flickr.com
213,763-161-2719,Ailane,cgibb5w@purevolume.com
214,987-439-1182,Buzzdog,pskilton5x@topsy.com
215,727-189-2850,Topicstorm,mstockley5y@dmoz.org
216,994-125-7363,Skyvu,tillem5z@statcounter.com
217,558-343-6272,Voomm,rwagnerin60@miibeian.gov.cn
218,313-980-6300,Zoomcast,eholburn61@360.cn
219,633-683-9903,Jabberstorm,fmccourtie62@technorati.com
220,283-181-9903,Photojam,mdrowsfield63@aol.com
221,310-816-4949,Shuffletag,ikaygill64@comcast.net
222,265-483-1169,Trunyx,rsambrok65@ebay.co.uk
223,707-741-5313,Blogtag,klevermore66@senate.gov
224,598-226-1138,Gabcube,ayouel67@google.cn
225,354-771-0886,Camido,nmancktelow68@cnet.com
226,974-180-5157,Eabox,wmcgilmartin69@addtoany.com
227,510-667-2566,Eimbee,lcorre6a@disqus.com
228,935-342-9304,Voonder,alangwade6b@nytimes.com
229,688-719-5431,Miboo,jkovnot6c@1und1.de
230,813-312-8671,Realblab,jlalonde6d@soundcloud.com
231,481-454-6029,Realbuzz,tcrummey6e@chron.com
232,168-624-6459,Oloo,csherborn6f@cdc.gov
233,389-424-5696,Meemm,slicciardi6g@walmart.com
234,303-204-0284,Devbug,rtinston6h@spotify.com
235,600-931-9062,Yombu,oovize6i@state.gov
236,990-464-1175,Talane,lphant6j@forbes.com
237,717-842-6087,Thoughtstorm,ecarlisle6k@pinterest.com
238,820-825-2923,Blogpad,rkedward6l@amazonaws.com
239,974-122-7457,Eamia,fangrave6m@etsy.com
240,307-455-4951,Jaxbean,tpinxton6n@google.com
241,628-819-3486,Edgetag,afluger6o@blogtalkradio.com
242,378-843-3223,Vimbo,tplevey6p@skyrock.com
243,654-239-1727,Fivechat,gtitley6q@answers.com
244,897-319-5969,Tagtune,shalse6r@istockphoto.com
245,934-445-5943,Wordpedia,pmatessian6s@nyu.edu
246,927-530-8065,Brainsphere,aelintune6t@istockphoto.com
247,334-386-5359,Blognation,tmichelin6u@tiny.cc
248,757-887-2072,Babbleblab,lpalffy6v@printfriendly.com
249,895-233-2564,Skimia,cgrunder6w@issuu.com
250,506-551-8610,Rooxo,krodell6x@unesco.org
251,860-775-6880,Wordify,wsandyford6y@furl.net
252,561-307-0813,Youfeed,bmetcalfe6z@ehow.com
253,860-247-0927,Tagcat,bedgworth70@canalblog.com
254,478-911-3669,Rhyloo,dhackett71@gov.uk
255,814-704-8172,Livetube,handrews72@google.com.au
256,391-728-8935,Meevee,oabrahams73@globo.com
257,874-184-4167,Eadel,jmara74@ucla.edu
258,700-605-6419,Quimba,ipriest75@blogger.com
259,381-321-9384,Eamia,hnowlan76@feedburner.com
260,564-796-1697,Omba,eevill77@seesaa.net
261,115-469-4142,Skipfire,bvandecastele78@latimes.com
262,246-217-7913,Thoughtworks,lsouthcoat79@virginia.edu
263,375-438-5635,Meedoo,rcliffe7a@edublogs.org
264,264-908-6408,Jabbersphere,carnaldo7b@diigo.com
265,568-138-2105,Blogpad,tkeepence7c@msn.com
266,252-697-6776,Avamba,ohedau7d@va.gov
267,300-526-1172,Quimba,rskrines7e@paginegialle.it
268,287-604-2704,Eidel,fbaldack7f@infoseek.co.jp
269,663-988-4490,Dabjam,fcroser7g@multiply.com
270,204-769-0779,Devpulse,ctrulocke7h@skyrock.com
271,723-358-9500,Skilith,edurante7i@wp.com
272,950-692-8064,Realfire,kdemelt7j@usatoday.com
273,803-564-2188,Blogpad,hwhinney7k@oaic.gov.au
274,401-691-0914,Yambee,jpow7l@nih.gov
275,762-836-7060,Youopia,hholworth7m@icio.us
276,367-976-6900,Dynazzy,escurrer7n@mayoclinic.com
277,131-773-8402,Jaxbean,bscrafton7o@ucsd.edu
278,554-276-2963,Dabtype,cthumim7p@scientificamerican.com
279,564-604-3844,Vipe,amcgloughlin7q@webmd.com
280,654-559-0514,Topiczoom,ftabrett7r@diigo.com
281,844-610-9865,Fadeo,blabbey7s@twitpic.com
282,741-275-7052,Abata,bkidson7t@sogou.com
283,953-836-0978,Eimbee,atrainor7u@marketwatch.com
284,687-521-4117,Vidoo,pfayer7v@ezinearticles.com
285,696-326-5709,Fivebridge,lyushmanov7w@e-recht24.de
286,946-809-5664,Eadel,neddington7x@ameblo.jp
287,298-517-6379,Kaymbo,mhonatsch7y@google.cn
288,305-666-2517,Dabvine,jchecketts7z@merriam-webster.com
289,879-685-3473,Babbleblab,educastel80@webnode.com
290,912-509-2614,Zoonder,shurlestone81@springer.com
291,485-988-5250,Brainverse,cible82@yelp.com
292,859-741-8865,Omba,pdadda83@state.gov
293,742-603-6916,Thoughtworks,fjudkin84@4shared.com
294,876-414-4658,Oyoyo,lzolini85@examiner.com
295,364-338-3227,Jaxbean,lmatussevich86@joomla.org
296,223-793-5602,Zoonder,sbozward87@cmu.edu
297,758-543-3797,Mynte,zfassan88@eepurl.com
298,923-317-4640,Yodo,lsherwill89@yelp.com
299,965-709-9716,Jabberstorm,ncordelet8a@mtv.com
300,999-283-3364,Gigashots,mcharleston8b@nba.com
301,495-713-2828,Eazzy,dlayzell8c@typepad.com
302,615-366-1080,Yombu,egodlip8d@wired.com
303,368-155-7129,Divavu,cummfrey8e@vimeo.com
304,474-426-4952,Tagopia,ptosspell8f@typepad.com
305,475-150-9394,Oyondu,elambot8g@istockphoto.com
306,508-833-0542,Zoonder,eranahan8h@twitpic.com
307,211-420-1517,Edgepulse,sleads8i@telegraph.co.uk
308,231-745-4942,Realblab,nembery8j@sun.com
309,207-140-6967,Realbuzz,lmcguffie8k@webnode.com
310,337-884-3491,Camimbo,lbartoletti8l@washington.edu
311,462-939-6543,Realmix,ewealleans8m@symantec.com
312,600-733-1883,Dynabox,mlilburn8n@linkedin.com
313,901-888-3049,Ainyx,cbalsellie8o@joomla.org
314,702-293-8545,Linklinks,ckanter8p@twitter.com
315,269-521-5821,Abatz,spenkman8q@walmart.com
316,986-607-6527,Tazzy,gmathews8r@wufoo.com
317,584-415-3258,Vinder,jaxcel8s@comsenz.com
318,439-180-6780,Livefish,cpudsall8t@shinystat.com
319,623-374-7066,Browsetype,vburdin8u@360.cn
320,102-842-7034,Zooxo,astrute8v@wikia.com
321,253-393-9279,Voonder,wommundsen8w@bbc.co.uk
322,215-147-3455,Devify,cfessier8x@google.cn
323,318-974-4011,Browsezoom,mhanny8y@shutterfly.com
324,739-953-4863,Wordpedia,cganning8z@spiegel.de
325,898-219-3696,Leenti,alucian90@a8.net
326,679-455-8989,Quinu,wgrimmolby91@cocolog-nifty.com
327,414-184-1996,Zoombeat,gmoorhead92@techcrunch.com
328,675-988-6454,Tagtune,thacket93@cam.ac.uk
329,858-562-9129,Skyble,aferruzzi94@pcworld.com
330,304-205-1819,Fliptune,iwoolfall95@japanpost.jp
331,963-850-1279,Youtags,scutford96@mozilla.com
332,617-953-3114,Thoughtstorm,kwarry97@mayoclinic.com
333,501-710-9712,Myworks,graddish98@dagondesign.com
334,663-942-0041,Fivespan,clowell99@fda.gov
335,176-563-2909,Youopia,aornils9a@si.edu
336,808-343-6668,Brightbean,mharper9b@ovh.net
337,356-669-0079,Eayo,ysawtell9c@gmpg.org
338,371-115-3422,Edgewire,nbritian9d@themeforest.net
339,581-698-1994,Eare,amateos9e@omniture.com
340,908-491-6552,Janyx,jgoldman9f@sbwire.com
341,518-485-0505,Topicware,wgalsworthy9g@cnn.com
342,304-400-6108,Lazz,rchavez9h@yellowbook.com
343,507-580-9304,Tagcat,tmccullogh9i@howstuffworks.com
344,519-225-0355,Browsetype,kridings9j@yale.edu
345,800-898-8376,Dynabox,asinnott9k@economist.com
346,162-548-0564,Blogspan,lvisco9l@reference.com
347,558-639-1081,JumpXS,iosman9m@fema.gov
348,720-274-7348,Meejo,kmarishenko9n@meetup.com
349,310-920-4448,Babbleblab,aghilardi9o@techcrunch.com
350,321-680-7108,Twitterbeat,grobatham9p@miitbeian.gov.cn
351,623-900-5335,Meetz,dcrowd9q@theglobeandmail.com
352,768-656-4112,Buzzbean,ahugnot9r@webeden.co.uk
353,782-430-7021,Mynte,redlington9s@webmd.com
354,425-271-0603,Wordware,jmcmorran9t@amazon.co.uk
355,363-346-2888,Twimbo,gtimmons9u@senate.gov
356,600-420-2396,Quamba,sfleckness9v@nature.com
357,947-472-3944,Kwinu,jbloggett9w@meetup.com
358,860-520-1251,Quatz,rwedon9x@xinhuanet.com
359,961-602-5279,Edgewire,alomath9y@prweb.com
360,254-230-6167,Thoughtbridge,mbuchanan9z@tmall.com
361,571-334-6139,Zooxo,kshortta0@phpbb.com
362,101-649-6593,Dynava,acandwella1@devhub.com
363,153-828-7242,Agivu,odabela2@weather.com
364,340-531-3092,Eire,gbissexa3@paypal.com
365,877-699-6653,Yozio,renocha4@youtu.be
366,306-429-2418,Linkbuzz,cleveringtona5@auda.org.au
367,381-143-3228,Zooxo,rokynsillaghea6@yellowpages.com
368,749-342-6131,Cogidoo,bybarraa7@creativecommons.org
369,954-339-3085,Feedspan,gsireda8@fda.gov
370,954-258-0094,Flashset,rdoerrlinga9@rambler.ru
371,985-510-9497,Talane,jdubbinaa@hostgator.com
372,252-206-5140,Mymm,gzmitrovichab@geocities.jp
373,759-973-4360,Innojam,mbussellac@hc360.com
374,203-534-5863,Thoughtsphere,scumberlidgead@lulu.com
375,514-503-3466,Dazzlesphere,soniansae@sphinn.com
376,162-607-9016,Feedmix,hnaerupaf@ow.ly
377,589-525-5915,BlogXS,mdolderag@clickbank.net
378,252-862-3914,Quamba,mwellingsah@diigo.com
379,292-896-9338,Yodoo,lchellai@walmart.com
380,939-183-3483,BlogXS,ecornboroughaj@dot.gov
381,936-285-4270,Quimm,gbathowak@networkadvertising.org
382,499-329-1822,Thoughtmix,nmcreedyal@prlog.org
383,335-120-8806,Jayo,rplowmanam@theguardian.com
384,215-546-5263,Wikizz,rskipseaan@imdb.com
385,419-675-7956,Layo,jsheaao@princeton.edu
386,315-107-6109,Layo,elorensap@meetup.com
387,627-718-5232,Thoughtsphere,fsyddieaq@facebook.com
388,894-230-8439,Skibox,gdaintreyar@sciencedirect.com
389,974-950-5310,Brainverse,sbalaisotas@phoca.cz
390,644-429-3143,Kwinu,pewestaceat@g.co
391,395-982-8276,Npath,hsahnowau@state.tx.us
392,287-173-5178,Jayo,sdodav@reuters.com
393,245-874-4444,Kimia,llanahanaw@parallels.com
394,966-424-5068,Twiyo,kaluardax@yellowpages.com
395,406-737-8140,Camimbo,telvinay@photobucket.com
396,353-218-7143,Ntag,areadmireaz@facebook.com
397,376-144-1012,Devpulse,ftarneyb0@chron.com
398,305-802-2584,Oyoloo,tdixieb1@yolasite.com
399,417-770-0369,Pixoboo,mmellenbyb2@reuters.com
400,879-879-4502,Thoughtmix,esteeplesb3@squarespace.com
401,357-883-7743,Jaxbean,kadameb4@statcounter.com
402,647-874-5630,Photojam,bgauthorppb5@posterous.com
403,706-467-8002,Skajo,cpierrepontb6@wsj.com
404,413-136-5611,Blogtags,lpetrikb7@examiner.com
405,910-379-0312,Gigazoom,fdredgeb8@globo.com
406,150-503-2737,Meeveo,asmelleyb9@xinhuanet.com
407,964-916-9150,Meetz,bcoleridgeba@cdc.gov
408,464-742-8531,Skinix,golenikovbb@pinterest.com
409,916-956-1827,Jaxspan,fwilkinbc@google.com.au
410,235-689-4931,Skilith,msunderlandbd@telegraph.co.uk
411,619-496-6513,Jabbersphere,rclawebe@wiley.com
412,774-340-5104,Tagtune,gharrollbf@telegraph.co.uk
413,221-723-9077,Minyx,cmacarthurbg@delicious.com
414,929-621-0691,Brainbox,shubnerbh@google.com.hk
415,822-763-3539,Skippad,othorlbybi@miitbeian.gov.cn
416,793-374-3080,Npath,jbortolibj@cloudflare.com
417,331-302-1203,Digitube,arennybk@virginia.edu
418,459-409-3703,Wordpedia,jportsmouthbl@moonfruit.com
419,148-646-4160,Meetz,aminearbm@a8.net
420,139-198-1914,Voolia,gbestarbn@wisc.edu
421,753-669-7696,Gigaclub,agrasonbo@amazon.co.uk
422,278-759-0667,Plambee,lgleedbp@businesswire.com
423,706-714-9778,Voomm,clindmarkbq@icio.us
424,866-830-3181,Meemm,aloiseaubr@fotki.com
425,660-402-9785,Flipopia,kpayzebs@ustream.tv
426,305-480-5828,Topicblab,jpfliegerbt@nba.com
427,976-336-7943,Dynazzy,ptearneybu@sciencedirect.com
428,298-157-0010,JumpXS,sstannerbv@slashdot.org
429,135-660-2157,Kaymbo,sdoumencbw@usnews.com
430,970-191-8139,Flashspan,dbateupbx@zimbio.com
431,337-600-2034,Jabbersphere,ranandby@macromedia.com
432,423-775-0593,Yacero,kkeysallbz@bloglines.com
433,470-823-7948,Flashdog,kchillesc0@dyndns.org
434,860-268-6322,Jabberstorm,dionc1@trellian.com
435,332-271-8435,Eare,odottrellc2@netscape.com
436,135-402-0167,Gevee,dtremouletc3@prnewswire.com
437,324-386-8331,Skiptube,emartinuzzic4@live.com
438,809-679-8912,Fadeo,croartyc5@is.gd
439,899-781-0280,Topicblab,mardenc6@squarespace.com
440,106-578-2319,Minyx,piczokvitzc7@state.tx.us
441,149-469-0247,Quimba,dtrevenc8@dmoz.org
442,322-709-6258,Browsetype,edorkensc9@shinystat.com
443,560-173-3802,Yadel,bburganeca@unicef.org
444,925-619-1474,DabZ,dfrydcb@washingtonpost.com
445,916-397-7724,Bluejam,hsollnercc@ocn.ne.jp
446,615-659-2237,Meemm,cjossecd@salon.com
447,694-926-8796,Eadel,lmacterrellyce@timesonline.co.uk
448,396-617-3913,Edgeclub,predishcf@weather.com
449,242-387-2550,Skimia,barmittcg@merriam-webster.com
450,183-305-1977,Jetwire,rwynrahamech@pbs.org
451,295-436-6335,Skimia,kdownieci@alexa.com
452,576-292-2653,Meezzy,mthurmancj@hao123.com
453,899-463-0517,Blogtags,unussck@istockphoto.com
454,528-456-7452,Trunyx,dbeckencl@skyrock.com
455,286-406-5886,Janyx,bcunniamcm@epa.gov
456,751-368-8706,Buzzbean,mmccritichiecn@bravesites.com
457,466-711-5882,Rhynyx,tlynnco@plala.or.jp
458,291-907-0360,Ooba,karnallcp@who.int
459,152-177-3751,Jayo,ekeninghamcq@jimdo.com
460,275-362-3718,DabZ,idenisckecr@hibu.com
461,716-968-4074,Mybuzz,sbrandolinics@mozilla.org
462,237-366-4059,Rhynoodle,ssammutct@vk.com
463,792-530-4224,Kare,mhackfordcu@vk.com
464,129-807-6911,Youbridge,hmardallcv@bluehost.com
465,849-559-4954,Voolith,tbayleycw@tuttocitta.it
466,693-677-4125,Topdrive,lralstoncx@liveinternet.ru
467,873-123-5253,Thoughtbridge,aderingtoncy@dot.gov
468,799-967-8299,Rhybox,dpalffreycz@cdbaby.com
469,258-892-8693,Snaptags,mledfordd0@google.co.uk
470,990-554-7967,Zoomzone,achristofold1@google.de
471,294-853-7472,Dynabox,dattond2@bravesites.com
472,910-131-4922,Zoomcast,myoulesd3@upenn.edu
473,539-400-9011,Yakijo,ladamsond4@shop-pro.jp
474,596-574-9923,Oyope,umyrtled5@nps.gov
475,575-307-4832,Skyndu,xkerwickd6@people.com.cn
476,524-167-8397,Minyx,dmerriottd7@washington.edu
477,546-335-6195,Plajo,nworrald8@oakley.com
478,965-505-7953,Eabox,knaismithd9@jiathis.com
479,929-599-0931,Brainbox,mrettieda@creativecommons.org
480,617-821-2913,Yoveo,cryedb@plala.or.jp
481,728-397-5750,Eayo,mgleadledc@wiley.com
482,319-836-9736,Brainsphere,cdreierdd@chicagotribune.com
483,948-391-6509,Devbug,abagotde@census.gov
484,140-313-6794,Wordware,ctettherdf@eventbrite.com
485,591-267-7654,Tagchat,cbennelldg@walmart.com
486,667-443-8956,Meevee,mkembledh@oakley.com
487,250-901-4933,Edgeclub,jlochdi@is.gd
488,286-966-4665,Edgeclub,ghamptondj@gravatar.com
489,285-764-9588,Shuffletag,cpethrickdk@indiatimes.com
490,503-677-0545,Skyba,tfolcadl@merriam-webster.com
491,628-352-7972,Rhynyx,cfairbearddm@china.com.cn
492,603-645-0950,Oba,zspeendendn@smh.com.au
493,615-138-9139,Mybuzz,awiskerdo@amazon.de
494,989-134-5911,Jazzy,enoorwooddp@whitehouse.gov
495,600-245-4397,Skinix,mbawdondq@dmoz.org
496,157-849-6634,Livetube,mavelinedr@photobucket.com
497,674-206-0383,JumpXS,tferencds@xing.com
498,583-788-9752,Photobean,csoppitdt@delicious.com
499,301-506-1732,Trilia,jharradencedu@wp.com
500,968-386-5944,Thoughtstorm,mcaulkettdv@icio.us
501,730-388-9998,Demivee,sswiffendw@deviantart.com
502,247-881-1263,Rhybox,myoelldx@de.vu
503,897-990-6165,Oyondu,rmuggletondy@meetup.com
504,102-854-7994,Livetube,tlismoredz@yandex.ru
505,627-723-5981,Skipfire,jtomasinoe0@pcworld.com
506,995-482-3104,Rhybox,bcabralese1@cam.ac.uk
507,898-146-3785,Feedfire,espedronie2@yelp.com
508,266-161-5697,Omba,bdelfe3@photobucket.com
509,284-907-8218,Leenti,lfairhalle4@icq.com
510,780-347-7936,Babbleset,jstertee5@mayoclinic.com
511,349-422-8063,Dazzlesphere,dpiollie6@meetup.com
512,832-923-2627,Fivebridge,pselewaye7@pinterest.com
513,334-644-2023,Gabcube,jstearleye8@pcworld.com
514,457-934-7978,Oodoo,ngatese9@taobao.com
515,768-556-0169,Skimia,dhansedea@nymag.com
516,231-708-6826,Leexo,uhandscombeeb@hibu.com
517,277-971-5365,Browsebug,rrainerec@aol.com
518,656-162-0786,Trunyx,emacconachyed@deviantart.com
519,585-625-8604,Blogtag,sblockeyee@163.com
520,474-991-3221,Realfire,cpotzoldef@time.com
521,775-202-6864,Skivee,krollingseg@go.com
522,400-789-4587,Roombo,hdudineh@arizona.edu
523,516-857-8607,BlogXS,hjoselovitchei@china.com.cn
524,784-509-1452,Youbridge,dfannej@ycombinator.com
525,416-212-4966,Trudeo,lpennek@nps.gov
526,110-424-2083,Kayveo,vsouzael@nifty.com
527,401-240-4664,Mydo,ckemberem@shareasale.com
528,822-193-0466,Photobug,mmainsen@nature.com
529,362-575-6208,Dabfeed,nquinnellyeo@list-manage.com
530,379-363-8878,Divape,thedgecockep@gov.uk
531,438-711-9213,Quamba,kspratteq@example.com
532,114-205-4152,Flashdog,vlambrechter@timesonline.co.uk
533,260-428-9025,Oyondu,tnesbethes@hubpages.com
534,311-873-6377,Trilia,ssturgesset@google.com.br
535,467-737-2550,Rhynyx,kchineryeu@sun.com
536,489-617-0720,Voolia,gfranciottiev@latimes.com
537,354-187-4756,Realblab,imilnthorpeew@pbs.org
538,153-704-0400,Mybuzz,oedlandex@abc.net.au
539,273-642-7509,Voonder,awarrenderey@marketwatch.com
540,829-690-2536,Divape,zsnawdonez@trellian.com
541,306-365-0050,Zoonoodle,dsymsonf0@wordpress.com
542,480-911-6207,Jayo,pmacfallf1@slate.com
543,677-320-8904,Blogpad,acromarf2@ihg.com
544,184-464-7399,DabZ,gleedalf3@tripod.com
545,285-997-4944,Zooveo,oforesf4@mail.ru
546,634-690-0395,Wikido,mcoileyf5@hc360.com
547,290-631-8661,Lazz,pfoxtonf6@hhs.gov
548,888-482-1560,Gabspot,pmilnef7@salon.com
549,160-216-5853,Jabberstorm,bmalliaf8@is.gd
550,357-324-3790,Blogpad,ghaeslierf9@sourceforge.net
551,202-836-6956,Skippad,jnollethfa@nhs.uk
552,100-279-3572,Twinte,emackinfb@google.es
553,677-631-6423,Skimia,hvealfc@twitpic.com
554,512-645-3007,Reallinks,bduckittfd@forbes.com
555,149-387-2007,Oyope,lchelsomfe@google.com.br
556,420-141-3876,Avaveo,sballamff@google.com.au
557,908-463-0849,Livefish,apratenfg@symantec.com
558,208-888-9116,Demivee,mharriefh@reuters.com
559,162-997-0938,Linktype,hbadsworthfi@hc360.com
560,813-813-1161,Dabtype,snottifj@scientificamerican.com
561,351-633-6788,Fivespan,vfarnabyfk@timesonline.co.uk
562,484-718-0993,Skimia,wdimitrescofl@cisco.com
563,769-723-8175,Camimbo,cwarrackfm@unc.edu
564,680-903-9195,Skinder,mduredenfn@wordpress.org
565,169-649-0155,Youspan,jsommertonfo@gravatar.com
566,952-404-2015,Gigashots,zliasfp@list-manage.com
567,466-326-4887,Myworks,mivancevicfq@goo.ne.jp
568,481-151-4113,Quamba,acraterefr@biblegateway.com
569,404-951-5825,Meetz,aguttridgefs@youtube.com
570,136-263-0180,Reallinks,cfrankowskift@bloglines.com
571,280-321-9612,Meedoo,mmainfu@youku.com
572,536-856-4288,Plambee,eheakfv@ca.gov
573,510-268-1791,Skivee,ngavinifw@nsw.gov.au
574,300-994-0958,Jabberstorm,kcattlemullfx@geocities.jp
575,455-694-8478,Agivu,vpuddinfy@nytimes.com
576,114-639-5936,Podcat,cedgehillfz@prweb.com
577,387-685-4647,Skivee,gbuckyg0@wikipedia.org
578,510-178-3125,Wikivu,idrydaleg1@oakley.com
579,699-165-1715,Youopia,fcrummyg2@prlog.org
580,540-494-1758,Browsedrive,bvictorg3@abc.net.au
581,777-670-4841,Gigashots,jstieblerg4@baidu.com
582,142-590-4752,Aimbu,istoadg5@nhs.uk
583,604-348-3670,Voomm,tbeadnallg6@unblog.fr
584,832-486-9956,Linktype,hhadfieldg7@bigcartel.com
585,310-316-7504,Vidoo,ehambersg8@wisc.edu
586,160-868-3723,Skiptube,dferryg9@salon.com
587,526-157-1053,Meejo,wzuponega@bizjournals.com
588,928-316-1341,Devpulse,gcorsegb@gravatar.com
589,597-811-6116,Voonix,ccowitzgc@tamu.edu
590,229-130-5565,Midel,fstrafengd@slideshare.net
591,224-424-4618,Voomm,nsamuelge@goodreads.com
592,123-390-7243,DabZ,kwynettgf@deviantart.com
593,536-804-0148,Aimbu,wsatterlygg@baidu.com
594,285-526-5565,Vimbo,ilukovicgh@bloglovin.com
595,463-603-1609,Avaveo,tlapsliegi@patch.com
596,121-487-1072,Tagopia,bcorsegj@nbcnews.com
597,166-424-9246,Trupe,teyckelgk@twitter.com
598,125-506-8280,Realfire,mventrisgl@mozilla.com
599,275-923-6706,Thoughtbridge,hmellersgm@taobao.com
600,251-863-9647,Agivu,bmclaegn@bravesites.com
601,576-142-8522,Lazzy,jhutfieldgo@dion.ne.jp
602,362-810-3135,Brainlounge,bbettertongp@jalbum.net
603,782-220-8760,Aibox,rscoffhamgq@cdc.gov
604,889-378-1728,Skinte,lmckailegr@friendfeed.com
605,100-950-5607,Demizz,gidelgs@unesco.org
606,815-571-8536,Jetpulse,dpauncefootgt@plala.or.jp
607,159-751-6447,DabZ,ekloisnergu@ezinearticles.com
608,762-402-7681,Wordify,aredgategv@newsvine.com
609,769-474-1431,Vitz,ldipplegw@wisc.edu
610,754-306-7624,Kwideo,krappagx@phpbb.com
611,919-132-4885,Feedbug,rsweetinggy@jiathis.com
612,736-591-1613,Kwideo,sskeelesgz@marriott.com
613,395-663-5575,Photobug,jwheelbandh0@independent.co.uk
614,623-753-9200,Fivebridge,lsignoreh1@about.com
615,488-840-4108,Rhynyx,psalleirh2@wordpress.org
616,317-397-6287,Quatz,tralestonh3@webs.com
617,659-531-5610,Realblab,chaversh4@jalbum.net
618,285-998-8857,Livetube,sjennionsh5@wisc.edu
619,917-124-6057,Livepath,jantoniewiczh6@cnbc.com
620,966-118-1519,Jaxworks,sfrowdeh7@mediafire.com
621,686-810-2087,Podcat,drouchh8@squarespace.com
622,200-511-8325,Katz,mrymanh9@lycos.com
623,665-289-8404,Dynazzy,raldersha@nature.com
624,212-377-8888,Pixonyx,cdaskiewiczhb@scribd.com
625,113-166-2662,Jaxnation,mgodballhc@nifty.com
626,499-171-1786,Rhyloo,bconstantinehd@ask.com
627,758-895-0261,Eadel,pffrenchhe@constantcontact.com
628,986-356-8025,Meembee,kfrusherhf@elegantthemes.com
629,798-800-7711,Janyx,fmaycockhg@ibm.com
630,749-155-0976,Kare,kmcgilvrahh@nsw.gov.au
631,500-642-3109,Camido,mneildhi@about.com
632,775-577-8384,Twinder,ccolatonhj@army.mil
633,245-279-8432,Brightbean,mtickhk@google.it
634,648-381-8286,Gigazoom,fgodferyhl@fotki.com
635,725-224-6533,Flipopia,ghewellhm@toplist.cz
636,425-969-9258,Skaboo,ngaterhn@examiner.com
637,900-575-4125,Oyondu,myeleho@walmart.com
638,556-405-6857,Jayo,wpratorhp@wsj.com
639,932-777-6078,Kaymbo,mpreisthq@g.co
640,789-206-4015,Flashpoint,pbishopphr@wordpress.org
641,414-252-0263,Eayo,teaths@storify.com
642,722-731-8005,Gigashots,gflintoffht@moonfruit.com
643,828-317-6321,Youspan,carendsenhu@myspace.com
644,262-680-4561,Edgewire,zyoxenhv@google.de
645,503-418-2076,Fanoodle,emeighhw@wikispaces.com
646,951-267-2054,Jaxworks,cmcalindenhx@sina.com.cn
647,585-486-9282,Gabcube,rmuriehy@clickbank.net
648,520-598-9244,Shufflester,akaesmakershz@diigo.com
649,532-519-4681,Yamia,ssangari0@cargocollective.com
650,737-433-8527,Jabbersphere,lscamadeni1@technorati.com
651,486-508-3262,Zoombox,maleksichi2@soup.io
652,500-654-6833,Pixope,dmandrei3@smugmug.com
653,599-779-7886,Fiveclub,wthreadgoldi4@netvibes.com
654,880-232-2766,Browsedrive,wchardini5@hao123.com
655,934-789-1233,Trunyx,ablacksteri6@admin.ch
656,724-505-0702,Jayo,bleftridgei7@va.gov
657,542-780-2805,Realcube,cdearnleyi8@state.gov
658,420-498-4107,Twitterbridge,dmuttocki9@skyrock.com
659,109-824-1737,Chatterpoint,dsainteauia@yolasite.com
660,126-563-5920,Quimba,rmccroryib@friendfeed.com
661,175-612-0083,Jabbercube,jbagnallic@yellowpages.com
662,143-779-6140,Eire,dlamkinid@newsvine.com
663,143-906-5738,Realbuzz,isayesie@ow.ly
664,605-476-4586,Yacero,lsawleyif@ow.ly
665,503-795-6314,Eamia,abartolacciig@nsw.gov.au
666,812-588-5355,Vimbo,jjezzardih@va.gov
667,486-113-6749,Jaxbean,lfaroii@digg.com
668,683-101-1247,Tazzy,csineij@fema.gov
669,790-131-5002,Wikizz,bsenescallik@a8.net
670,540-775-7952,Tambee,cbiaggelliil@xrea.com
671,442-388-6849,Eidel,keckhardim@google.com.au
672,449-637-3621,Yodel,kalthamin@meetup.com
673,424-186-6978,Photolist,rthoumassonio@t-online.de
674,169-181-5333,Wikibox,dellenip@sakura.ne.jp
675,749-202-4838,Roodel,esiddeniq@ucsd.edu
676,450-711-6603,Zoombeat,cjonir@sitemeter.com
677,360-525-3214,Skilith,dlodfordis@biglobe.ne.jp
678,287-959-2933,Rooxo,cdalgettyit@linkedin.com
679,838-983-0319,Trilith,clombiu@latimes.com
680,698-290-5183,Skinix,stitleyiv@ebay.co.uk
681,515-796-8023,Dabtype,abecketiw@tripod.com
682,235-695-5003,Roombo,tgrigoreix@bbb.org
683,241-715-7451,Leexo,ccossansiy@google.pl
684,102-183-1611,Thoughtblab,bsuthreniz@china.com.cn
685,411-652-4884,Teklist,mkurthj0@spiegel.de
686,852-899-2173,Yakitri,wfurstj1@geocities.jp
687,520-922-3770,Brainverse,ccamseyj2@seesaa.net
688,516-722-7455,Zoomdog,rgallegoj3@time.com
689,763-727-4176,Vimbo,gcarleyj4@thetimes.co.uk
690,789-292-0178,Skyvu,akesbyj5@bbb.org
691,562-975-2853,DabZ,iscanlanj6@auda.org.au
692,859-608-3636,Quaxo,bjewerj7@prweb.com
693,575-959-9243,Skyble,kcavanaughj8@unesco.org
694,677-996-4737,Browsecat,dmanstonj9@comcast.net
695,895-687-2956,Tagopia,asilverthorneja@instagram.com
696,642-672-0611,Gigaclub,csmewingsjb@furl.net
697,163-663-7944,Agimba,madolphinejc@ox.ac.uk
698,912-853-6291,Geba,sfiermanjd@phoca.cz
699,447-422-4015,Dabjam,mpetryje@slate.com
700,897-630-0385,Skaboo,rvasnevjf@shop-pro.jp
701,278-931-9647,Voolith,twornhamjg@xing.com
702,790-947-0701,Abatz,aregenhardtjh@squarespace.com
703,147-555-1258,Oozz,daskeyji@mozilla.com
704,936-283-0966,Devcast,bdehmjj@yandex.ru
705,602-405-0628,Twitterwire,lmcveejk@dell.com
706,445-840-1057,Blogpad,tdoyleyjl@wikispaces.com
707,191-331-6131,Twitterlist,cmcgeffenjm@go.com
708,830-170-1236,Skippad,bscatcharjn@amazon.co.uk
709,586-768-9734,Edgeify,oduquesnayjo@bbb.org
710,473-352-3078,Centidel,pblackalljp@theguardian.com
711,656-119-1021,Thoughtmix,gtremouillejq@aol.com
712,798-250-5204,Oloo,ejarleyjr@github.io
713,950-323-3018,Agivu,mgummerjs@boston.com
714,299-687-1858,Skalith,dschleswigholsteinjt@nyu.edu
715,836-372-9432,Skipfire,wtomasinoju@buzzfeed.com
716,496-318-0076,Jamia,sblackabyjv@foxnews.com
717,455-403-0966,Viva,lnatonjw@wp.com
718,125-238-4112,Pixoboo,tbelzjx@boston.com
719,508-408-2369,Meezzy,ucondonjy@nasa.gov
720,413-485-0143,Mudo,sdunkinsonjz@amazon.co.uk
721,464-207-7639,Skaboo,mpitcockk0@marriott.com
722,204-445-1147,Kwideo,shamblynk1@google.ru
723,387-576-7730,Tekfly,tsemeniukk2@jigsy.com
724,374-164-5301,Skivee,cbrounk3@nymag.com
725,496-733-6104,Ainyx,fgrimmk4@prnewswire.com
726,608-162-4340,Brainverse,rcosensk5@furl.net
727,766-296-5317,Jamia,egealyk6@businessinsider.com
728,818-456-5365,Skalith,eausiellok7@independent.co.uk
729,192-938-6840,Blogspan,beliek8@ihg.com
730,148-180-4264,Quinu,fwinshipk9@themeforest.net
731,507-112-6937,Leenti,dtulliska@unesco.org
732,151-865-7205,Skipfire,ledensorkb@chronoengine.com
733,298-274-8178,Blogtags,abattsonkc@wired.com
734,537-247-1770,Miboo,ahaggithkd@mlb.com
735,841-872-4466,Twitternation,sglyneke@bing.com
736,745-613-4432,Einti,omcculleykf@flavors.me
737,290-295-7006,Skiba,gcahillkg@w3.org
738,185-615-9901,Lajo,vduckhousekh@mail.ru
739,297-872-6126,Realbuzz,kkearleyki@msn.com
740,348-102-5349,Flashset,clocarnokj@51.la
741,911-598-0728,Thoughtbeat,cewensonkk@squidoo.com
742,153-498-1398,Shufflebeat,fmyrkuskl@shop-pro.jp
743,761-890-5840,Vitz,gblackborowkm@dmoz.org
744,575-841-9066,Snaptags,wnationkn@redcross.org
745,677-399-8301,Eidel,bstpaulko@zdnet.com
746,550-800-2979,Jaxnation,ggoncalokp@ibm.com
747,327-459-9226,Yabox,btappkq@nyu.edu
748,331-968-6708,Jabbercube,awemysskr@bloglines.com
749,930-578-0264,Dynabox,bsapautonks@amazonaws.com
750,192-695-7070,Jaxworks,hoverallkt@mlb.com
751,239-970-0887,Babbleopia,lpretoku@craigslist.org
752,581-397-2681,Linkbridge,bwanklingkv@jugem.jp
753,904-864-4366,Feedspan,yannandalekw@xrea.com
754,312-359-7954,Oloo,ddelionkx@webs.com
755,458-300-2722,Twimm,arobersky@tumblr.com
756,909-364-9162,Devify,cgenningskz@examiner.com
757,662-635-6583,Voonder,njaquemarl0@wordpress.org
758,974-488-3863,Tagopia,eparminterl1@ovh.net
759,798-240-8511,Quinu,grobjentsl2@statcounter.com
760,447-781-6465,Linkbuzz,cborhaml3@livejournal.com
761,422-533-4183,Zoomcast,dbulgerl4@behance.net
762,765-520-9242,Browsezoom,ctuckettl5@msu.edu
763,645-109-6480,Zoomzone,cmathesonl6@prlog.org
764,246-158-0134,Edgeify,talphegel7@pbs.org
765,925-421-7370,Ntag,ehoudhuryl8@facebook.com
766,217-422-2641,Kimia,rmatthewsonl9@latimes.com
767,242-411-9152,Divavu,malsfordla@yahoo.com
768,573-226-0369,Vinder,gharbagelb@imgur.com
769,551-984-2687,Thoughtbridge,nsteedlc@edublogs.org
770,211-594-2199,Talane,aduttonld@nationalgeographic.com
771,979-382-3508,Yotz,alethlayle@dion.ne.jp
772,911-910-4570,Devify,couterbridgelf@dropbox.com
773,953-995-1962,Feedspan,edovingtonlg@photobucket.com
774,646-110-7256,Dynabox,jzanucioliilh@whitehouse.gov
775,241-415-4506,Realbuzz,tfrandsenli@squidoo.com
776,490-782-1871,Wordpedia,umixworthylj@macromedia.com
777,718-592-0002,Eire,gdutnalllk@creativecommons.org
778,434-856-5939,Fivebridge,rmccarneyll@i2i.jp
779,447-387-2855,Realblab,ejerroltlm@hhs.gov
780,238-331-4522,Dabshots,fcoulmanln@amazonaws.com
781,709-653-5527,Bluejam,cjandoureklo@wikipedia.org
782,656-508-8466,Agimba,bbeeslp@t.co
783,899-477-7669,Quaxo,maudreylq@cisco.com
784,609-701-9727,Feedmix,sgorghettolr@accuweather.com
785,862-807-4671,Shuffletag,dwakeleyls@home.pl
786,507-991-8071,Jabbertype,wdonnelt@smh.com.au
787,375-929-5053,Chatterpoint,gchiswelllu@phpbb.com
788,787-287-7920,Realbuzz,labyslv@clickbank.net
789,963-923-3420,Oba,zduffilllw@aboutads.info
790,128-742-1568,Zoonder,arasmuslx@jalbum.net
791,415-584-9070,Roomm,fwinklessly@admin.ch
792,121-947-7866,Avamm,oerbainlz@parallels.com
793,268-219-3301,Yambee,gsweenym0@answers.com
794,105-545-4075,Yakidoo,gdeverickm1@wunderground.com
795,356-935-3835,Fanoodle,hdunseithm2@engadget.com
796,731-280-8958,Innojam,wfruddm3@4shared.com
797,364-799-3523,Aivee,pcarderom4@hc360.com
798,572-206-3921,Jatri,yrobardleym5@fastcompany.com
799,442-831-4272,Rhynyx,nbullenem6@sbwire.com
800,565-657-6241,Eimbee,brathbornem7@g.co
801,918-751-5723,Mydeo,idobkinm8@163.com
802,445-247-5334,Gabcube,korfordm9@huffingtonpost.com
803,273-832-8290,LiveZ,sforsdickema@domainmarket.com
804,331-206-4568,Photobug,ebeckinsalemb@bluehost.com
805,588-570-8340,Voonix,bhayseldenmc@google.nl
806,905-887-0458,Kwimbee,bkiefermd@umn.edu
807,604-356-8575,Skippad,gmansuerme@cyberchimps.com
808,209-456-0619,Trupe,rpurchesmf@wikia.com
809,946-269-2843,Photojam,eironmongermg@ebay.co.uk
810,577-250-3940,Leexo,pallerymh@illinois.edu
811,504-468-1824,Realblab,bsearlemi@goo.gl
812,909-878-4645,Zoombeat,mmcpaikmj@mtv.com
813,808-286-3119,Fivechat,gfaymk@nba.com
814,707-139-7329,Devbug,mdoodml@amazonaws.com
815,785-578-9801,Skippad,longmm@sogou.com
816,985-931-2057,Cogibox,erytonmn@cam.ac.uk
817,416-353-6092,Twitternation,ceskriggemo@wikimedia.org
818,132-685-0887,Tagtune,irandlesonmp@flickr.com
819,992-311-7673,Voonyx,upointinmq@youtube.com
820,450-192-8993,Yodo,cgradymr@google.com
821,864-936-9228,Shufflebeat,afucherms@youtu.be
822,550-878-7059,Divape,jwornermt@unicef.org
823,859-885-7088,Meetz,wkestinmu@istockphoto.com
824,270-685-4026,Livefish,driememv@dailymotion.com
825,128-679-9000,Yotz,adustmw@cpanel.net
826,589-401-0279,Browsezoom,rmargerrisonmx@umn.edu
827,174-404-2285,Feednation,aedonmy@google.ru
828,655-407-2093,Jabbertype,gruppelimz@alibaba.com
829,794-890-9457,Meejo,ngallenn0@cnet.com
830,960-527-8678,Ntags,wragglesn1@cafepress.com
831,376-243-1961,Lazzy,edickern2@yandex.ru
832,625-134-1913,Flashpoint,ltriebnern3@about.com
833,331-661-9950,Trilia,aandriulisn4@chronoengine.com
834,971-950-3733,Camimbo,cgrabern5@nsw.gov.au
835,449-511-8481,Aivee,tcoalesn6@oracle.com
836,581-583-8812,Wordify,cbrannin7@ow.ly
837,669-705-7786,Feedmix,dkellardn8@gizmodo.com
838,316-429-3988,Twimm,ateen9@army.mil
839,268-412-9568,Pixonyx,vmcgrottyna@europa.eu
840,678-182-0584,Browsecat,kdelhaynb@nymag.com
841,576-275-5935,Meevee,bbursnellnc@nytimes.com
842,868-794-5166,Skimia,ntesdalend@hexun.com
843,980-289-5179,Divanoodle,econeronne@google.fr
844,353-763-5650,Shufflebeat,trosternenf@etsy.com
845,685-979-4067,Photobug,mgoodludng@nymag.com
846,264-253-8110,Gabcube,lbartzennh@trellian.com
847,160-120-1777,Riffpedia,etakkosni@tmall.com
848,904-264-8256,Zoomcast,jmullynj@unc.edu
849,354-486-0444,Photolist,dhemshallnk@g.co
850,527-697-0079,Divape,mfolkertsnl@indiatimes.com
851,552-668-6998,Oyope,bdulsonnm@plala.or.jp
852,406-744-8872,Camimbo,psherrardnn@a8.net
853,449-800-7824,Thoughtbeat,eslowgraveno@cbc.ca
854,871-177-2812,Trilith,tdeliasnp@quantcast.com
855,661-654-9889,Topiczoom,rlevisonnq@usa.gov
856,843-722-3016,Devpulse,rstubbertnr@constantcontact.com
857,508-686-4879,Babbleset,lboynesns@amazon.de
858,576-695-7862,Livefish,breedicknt@purevolume.com
859,981-253-6539,Blogpad,mpockettnu@mayoclinic.com
860,608-522-1917,Eayo,tpinkertonnv@nih.gov
861,793-365-5121,Jaxnation,gsimakovnw@macromedia.com
862,829-857-0338,Innojam,ccolliardnx@umn.edu
863,804-850-1797,Youfeed,tstonerny@cnn.com
864,281-758-7036,Edgewire,rdavidounz@archive.org
865,292-563-2123,Tambee,flauritseno0@typepad.com
866,965-925-7520,Meetz,tpairemano1@furl.net
867,176-750-3485,Meedoo,bgildeao2@cbslocal.com
868,666-327-5274,Tagchat,ppeirceo3@surveymonkey.com
869,441-541-3958,BlogXS,sbertheleto4@mtv.com
870,217-497-2061,Vinder,cknightsbridgeo5@sfgate.com
871,457-360-6664,Blogtags,fmeynello6@sbwire.com
872,460-847-7778,Oodoo,ashearstoneo7@toplist.cz
873,101-493-1683,Oyope,fbarnardoo8@noaa.gov
874,861-470-3357,Skinix,cbaumerto9@ucoz.com
875,701-781-5161,Ozu,alessmareoa@naver.com
876,470-245-0166,Gabtype,mgaddesob@upenn.edu
877,465-564-6261,Thoughtworks,bmcdadeoc@devhub.com
878,249-252-7341,Shuffletag,pparletod@cbslocal.com
879,961-309-0732,Photobug,fbonnettoe@earthlink.net
880,168-984-7267,Twitterworks,rpimblettof@people.com.cn
881,543-277-2053,Yakidoo,fandrissog@opensource.org
882,521-530-7966,Thoughtworks,nparrottoh@sphinn.com
883,925-378-8127,Edgetag,mbremleyoi@blog.com
884,991-423-7927,Blogtags,lmaccoleoj@gizmodo.com
885,455-488-9502,Youfeed,bmanlowok@wordpress.com
886,702-612-1528,Thoughtblab,icuttingol@mysql.com
887,378-425-5176,Avamm,vredingom@imdb.com
888,677-336-9211,Mynte,kmoraton@mtv.com
889,429-371-5448,Oyoba,cerrichellioo@weebly.com
890,858-687-2193,Jetwire,eivasechkoop@github.io
891,642-288-5316,Eire,mleversuchoq@issuu.com
892,241-799-2602,Brainbox,wguinessor@i2i.jp
893,362-849-7478,Wikivu,igibbesonos@histats.com
894,921-813-8087,Photofeed,rhankinsot@amazon.com
895,849-761-7898,Yodel,asillyou@engadget.com
896,401-740-2820,Trudoo,bromandov@printfriendly.com
897,793-620-8911,Pixoboo,aswinnertonow@army.mil
898,928-114-9471,Dynabox,mcuthbertsonox@upenn.edu
899,530-700-9239,Twimm,mdelaegliseoy@rediff.com
900,984-506-7601,Devify,hoaklyoz@sciencedirect.com
901,930-183-5224,Wordify,jfreedp0@ucla.edu
902,160-301-8914,Trupe,gmcatamneyp1@blogspot.com
903,656-911-1023,Gabtune,jpayfootp2@slashdot.org
904,635-792-3867,Roodel,jcottonp3@tripadvisor.com
905,838-313-9898,Voonyx,erobertop4@epa.gov
906,281-211-0281,Skipstorm,mmattionip5@yahoo.com
907,438-455-9379,Browsedrive,cvlasyevp6@php.net
908,892-362-6995,Twitternation,bvanaccip7@miitbeian.gov.cn
909,977-345-0914,Vitz,lhollidgep8@surveymonkey.com
910,592-664-8367,Flashset,cbeamsp9@blogs.com
911,202-707-2974,Flashdog,dgoatmanpa@imgur.com
912,200-848-2360,Photofeed,sscoullerpb@1688.com
913,898-405-4986,Skinte,kopiepc@sohu.com
914,826-358-0656,Realblab,twittypd@gizmodo.com
915,381-971-1415,Twimm,nwillattpe@de.vu
916,680-973-6025,Thoughtbeat,ebrighousepf@apple.com
917,175-264-1013,Oyoyo,lwhitefordpg@moonfruit.com
918,604-722-6318,Rooxo,pjacquemeph@eepurl.com
919,296-448-1361,Leexo,bschonfeldpi@webmd.com
920,181-865-0697,Aimbo,eskettlespj@ft.com
921,624-692-7935,Vinte,gcrannpk@deviantart.com
922,726-968-4456,Yombu,ibrackenridgepl@facebook.com
923,248-567-7772,Jaxbean,jatkinpm@newsvine.com
924,850-322-9071,Babbleset,ggrimsdellpn@t.co
925,582-524-8792,Jetwire,jstapforthpo@webnode.com
926,670-785-6578,Voomm,nboverpp@tinyurl.com
927,575-500-3684,Snaptags,rcooleypq@ed.gov
928,257-327-4975,Voomm,clambournepr@goo.gl
929,389-193-9684,Tanoodle,atiltmanps@people.com.cn
930,524-338-2957,LiveZ,bperlept@tumblr.com
931,308-358-6813,Kazio,qlymbournepu@devhub.com
932,680-427-7244,Brainbox,lpaxmanpv@sitemeter.com
933,949-455-2697,Skimia,brosenbushpw@blogtalkradio.com
934,146-731-2537,Tagpad,nteodoripx@sun.com
935,797-729-1438,Jabberbean,ggrininpy@dmoz.org
936,206-369-0755,Meevee,marnleypz@theatlantic.com
937,105-921-2154,Divavu,gcostarq0@weebly.com
938,797-238-6339,Edgeblab,dswatheridgeq1@cafepress.com
939,920-801-3279,Trilith,vprovisq2@themeforest.net
940,229-490-7138,JumpXS,rmchirrieq3@blog.com
941,673-478-8651,Innojam,csuffq4@wordpress.org
942,131-508-7246,Babbleset,cjimmisonq5@tuttocitta.it
943,398-134-1836,Riffwire,cpavlataq6@ovh.net
944,911-698-1776,Meezzy,magnoloq7@gmpg.org
945,421-973-4652,Eimbee,lraddinq8@oakley.com
946,394-695-1867,Voolia,fbroschq9@live.com
947,659-135-5071,Wikizz,ssaffellqa@sitemeter.com
948,205-848-4057,Shuffletag,sblandqb@elpais.com
949,189-776-7520,Browsebug,aguirardqc@umn.edu
950,111-462-3738,Realmix,gbayfieldqd@dailymotion.com
951,267-920-0100,Skidoo,rmaylardqe@vistaprint.com
952,930-209-4072,Buzzshare,vharvardqf@howstuffworks.com
953,487-170-1766,Jabberstorm,cwinterburnqg@twitpic.com
954,681-476-5995,Tagopia,fgrimseyqh@1und1.de
955,497-100-8554,Skippad,jtantrumqi@cisco.com
956,774-137-0024,Blogspan,fcullinaneqj@apache.org
957,489-783-3637,Skimia,bsizeqk@1688.com
958,787-850-1338,Fanoodle,gsanchezql@squidoo.com
959,982-927-5803,Babbleblab,jvequeqm@yahoo.co.jp
960,744-353-1102,Centidel,rmacgregorqn@squarespace.com
961,269-784-2639,Dynabox,kbarthodqo@google.co.jp
962,394-199-0336,Skaboo,lbraffingtonqp@hhs.gov
963,342-962-5171,Linkbuzz,bdebischopqq@slate.com
964,265-216-4777,Dazzlesphere,lgumbleyqr@example.com
965,846-117-0012,Katz,hkevlinqs@xing.com
966,625-243-1247,Shufflester,esineqt@businesswire.com
967,656-499-4092,Thoughtblab,ccalderwoodqu@google.ca
968,266-122-8477,Abatz,nattewqv@cnbc.com
969,624-928-0894,Katz,hharwoodqw@blinklist.com
970,758-901-7090,Brainbox,gpiniurqx@oracle.com
971,990-286-2867,Aivee,bteasqy@yahoo.co.jp
972,584-157-4697,Lajo,cblenkinqz@google.com.br
973,840-321-6206,Edgeblab,athebeaudr0@unesco.org
974,145-959-6012,Skajo,cdavidescur1@quantcast.com
975,772-171-0419,Topicshots,wkhomichr2@icq.com
976,547-432-0718,Skinder,rsheehanr3@feedburner.com
977,730-949-7421,Skynoodle,rantoszewskir4@blogs.com
978,962-397-5078,Eire,qfeareyr5@timesonline.co.uk
979,445-478-8001,Ntags,bpierpointr6@gizmodo.com
980,348-664-8638,Flashpoint,sfealyr7@whitehouse.gov
981,252-355-7940,Buzzster,wadelbergr8@nba.com
982,189-485-5935,Bluejam,astooker9@chron.com
983,541-350-3339,Feedmix,mspinckera@sphinn.com
984,776-547-5658,Kayveo,riveaghrb@wp.com
985,871-295-2376,Skinte,kspurdonrc@wikipedia.org
986,685-211-0500,Twimbo,eforsdickerd@apple.com
987,313-424-4140,Gevee,cgiblingre@umich.edu
988,525-550-3848,Edgewire,ksheringtonrf@bloglovin.com
989,608-168-8663,Layo,lcoultarrg@washington.edu
990,990-107-0202,Vinte,cboarderrh@washingtonpost.com
991,406-232-0048,Wordtune,nzorzinri@harvard.edu
992,976-883-7403,Browsecat,ewilberrj@etsy.com
993,461-454-6406,Avamm,wdouglassrk@blogger.com
994,222-657-3711,Meemm,amalickirl@drupal.org
995,471-216-7554,Jetpulse,pwalchrm@sphinn.com
996,505-960-1804,Wikizz,bjeggorn@msn.com
997,183-166-2192,BlogXS,cdrippro@buzzfeed.com
998,920-544-5103,Livetube,ccomolettirp@netlog.com
999,854-511-1423,Omba,wfassbenderrq@dailymail.co.uk
1000,507-279-3059,Skimia,mhugkrr@yelp.com
